rain_mult,imperv_mult,surf_n,infil_min,pipe_n,swmm_peak,pred_peak,abs_err,mahalanobis,knn_dist,in_range,md_quintile
1.428246677831488,0.9449150884399875,0.030697401955695543,1.2042875229751797,0.008958929766023034,26.78,27.536758,0.7567584228515614,3.2582381969601926,1.7173832439552488,False,3
1.6698111570118512,1.2346398954402273,0.028633540907023906,0.01,0.01909880000821247,23.74,24.30316,0.5631597137451188,3.6067607420015797,1.844072146419934,False,4
0.9453268410254074,1.3835431608717443,0.02458742572362088,1.4769508644553095,0.01890034176914321,23.95,22.378695,1.5713054656982415,2.8148418359343745,1.2790552849315255,False,2
0.7733653997854852,1.0489393788460526,0.008082827147362586,1.4875395254378962,0.02425909127041813,16.15,16.538914,0.38891372680664205,3.196978811967272,1.4744717537425163,False,3
1.409238942713561,0.869079093164022,0.03388708222134361,1.6299448050211283,0.028435612154566997,16.63,17.140638,0.5106383514404307,3.987126623527464,2.0919503050330137,False,5
0.7343157158935921,0.9699465843697664,0.007513366169562273,0.023384931239640416,0.02572180925602856,14.14,13.930793,0.20920719146728572,3.4369694468577485,1.6946095125459126,False,3
1.3932769909524083,1.4201741939956865,0.015537968035483131,0.4934384291076337,0.019644491589177776,23.15,23.627558,0.477557754516603,3.11702782619264,1.476894428750216,False,2
0.728126045657468,0.6671513647658766,0.019802619730109626,0.181293910294687,0.025345061568793934,9.53,10.686101,1.1561009597778327,2.9139639185015738,1.4649177555659156,False,2
1.024808359530848,1.2989556504361324,0.02619222270527429,0.36711737987158477,0.029969260556858363,15.79,15.926491,0.1364907836914071,2.8910820731211344,1.445017639322281,True,2
1.465150181242962,0.8987045306800707,0.014471026552118725,1.1719478110891421,0.010256276251905186,26.56,25.490755,1.069244918823241,2.9147700256982714,1.0814678891247564,False,2
0.7406277407819184,0.5569660740201675,0.028658013278538126,1.1335802299650672,0.02635137768841428,8.03,10.800168,2.7701680374145514,3.788857737623377,1.9847878778062231,False,4
1.4363596444347517,0.9629293952268465,0.022449860380819447,0.01,0.009538292540919334,27.7,27.948921,0.24892120361328196,2.9972062305691116,1.2840613394196105,False,2
1.301810698984935,0.9738800533408329,0.022350127068627296,1.351348058510221,0.02434602449523867,19.15,19.284903,0.13490257263183736,1.856160835636196,1.0573422629900506,True,1
1.1642701514622837,1.0530950639798582,0.014915532528483889,0.01,0.018709709700646143,24.05,23.607174,0.44282608032226634,2.205566673997599,1.2644355135334835,False,1
0.7582078414769549,0.9176294980607206,0.030549588535741315,0.19658066206070712,0.007937719548057219,13.5,13.7167225,0.2167224884033203,3.644377094107943,1.9358098352425543,False,4
0.8382227886931704,0.8142987799332078,0.025101057513134253,0.8991327631354189,0.028592594512664778,13.22,13.285963,0.06596305847167905,2.359847960109927,0.9728892769321442,True,1
1.2969122159424646,0.9157039564839193,0.029428999173036055,0.050964538586112884,0.006924591928157501,23.68,21.40234,2.2776600646972653,3.466992957172287,1.6384395368278366,False,3
0.6090323486921629,1.199774923631448,0.019409168455709825,0.038567635421114355,0.02054085966178746,13.94,17.48555,3.545549926757813,3.088555897896516,1.5878908085538261,False,2
0.6836151071670531,1.1763649205046534,0.018961846670216897,0.5164040327245822,0.014860941766996656,15.63,17.04159,1.4115897369384758,2.498124770236278,1.151649507537845,False,1
1.2561484992835537,0.8756300545025697,0.008760958321951198,0.01,0.03365954526007181,14.03,16.07299,2.0429904174804694,3.7385224305152205,2.031632879981202,False,4
1.589505802778981,1.1794097420058895,0.01383200579319951,1.7953239221063746,0.02844607079682269,16.63,16.987123,0.3571234893798838,3.9409797269414835,1.816089787199898,False,5
1.35989076316643,0.9543397496826143,0.014013302395056444,0.01,0.03197164008198499,14.78,15.957793,1.1777932357788092,3.2433353670246654,1.5104930640986711,False,3
1.0471174235767196,0.732279278698011,0.014972625933481304,0.9473784145152677,0.011310099888005812,15.48,16.043507,0.5635066223144527,2.5678018665175224,1.228915808715016,True,1
1.5272582296489565,1.232284263656613,0.026738475683048497,0.6274576520993933,0.02413510549790698,19.3,19.307693,0.0076934814453117895,2.644568269558962,1.1524790680847006,False,1
1.2008265911508373,1.1345832773404088,0.008669746692048001,0.5920451834687234,0.0074626610653525886,27.7,28.792494,1.0924938201904304,3.4929656532912507,1.823697047272977,False,3
1.0928924130184128,0.8469045644496966,0.010379250615633044,0.01,0.023006018363643337,18.46,19.16271,0.7027101898193351,2.6642571725853195,1.346789196304795,False,1
0.7055127061422438,1.3820643614135844,0.022800410289995278,0.44214313031994945,0.023099128687882012,18.23,16.58626,1.6437401580810551,3.0109933506526114,1.5119738965250584,False,2
0.5284846363929939,1.4121273458338428,0.01999037280593008,1.3899150864418994,0.008633068385246535,14.07,18.013432,3.9434315490722653,4.334042682996878,2.517043816245553,False,5
1.0841092463915696,0.991510878064239,0.0329517593082859,0.9310884109043525,0.019756465559165236,20.63,20.878754,0.248753662109376,2.328975328582736,1.4103240343098074,False,1
0.8209639989784733,0.8484399264069981,0.021082117837960955,0.642284035259282,0.006893279407429603,13.93,13.423477,0.5065228271484372,2.998935365183958,1.5341926303244189,False,2
1.490936816679187,1.356028836609831,0.010257607538281227,0.8926180616356836,0.00936879590435901,40.67,33.315815,7.354185028076174,3.9628130482604793,1.9816633694844044,False,5
1.306406978073872,0.8031867057240658,0.025030097008956656,1.2687093494631927,0.028158466033643872,16.78,16.919388,0.13938781738281136,2.6035235242246433,0.9632345081074518,True,1
0.6302258790012387,1.3738756865229047,0.012817455930052186,0.01,0.02207255500383636,16.85,17.49639,0.6463893890380845,3.963360793402086,2.0113363359000993,False,5
0.9454756844975747,1.296358824306503,0.029264851362784006,0.3774944500572748,0.033403399598544985,14.14,15.996507,1.8565066909790033,3.5520684588794627,1.8791185754304016,False,4
0.8496429550440908,1.013402550922232,0.013550174020041942,1.7232779557396904,0.010963810736977383,17.29,17.906517,0.6165170288085946,3.383523177861833,1.589487659744861,False,3
0.5549650402731157,0.9415154880338807,0.0345038918200755,1.6268051998353106,0.027588020356101427,9.44,13.529249,4.08924919128418,4.299988330893896,2.227902100544371,False,5
1.5681983400961998,1.3535887313190973,0.02103050134512608,0.37486369913336093,0.02825425276616581,16.73,16.682138,0.047861557006836364,3.4714883825890848,1.8512205501873331,False,3
1.293735205500366,0.8862792544573316,0.008954921111275141,1.3117527800939908,0.013749295679949237,22.95,21.48698,1.4630195617675774,2.9900162097966936,1.2491861492665837,False,2
1.623323844512793,0.7669885901720359,0.009759916682002732,1.4951099084476211,0.010641474797818674,25.19,23.01108,2.1789202117919935,4.148588566179274,2.110607440910511,False,5
0.7159043970951173,1.0892144436151217,0.031151642758689875,0.11502792833651643,0.015111773213463716,14.63,14.732725,0.1027251434326164,3.2207688366846425,1.6090601972093352,False,3
1.4323777848701171,1.4240550613987524,0.02051499787409364,0.01,0.006674779520524376,40.55,33.04628,7.503720092773435,4.191748657367369,2.387958644503472,False,5
0.7762609544261547,0.6688601756363436,0.025548982640132077,0.01,0.020691307469050006,10.18,11.16847,0.98847038269043,3.1494654012412613,1.3986502919292776,False,2
1.3327862771435437,1.07279246939233,0.01195136779905772,1.4364252628228118,0.02664292042207968,17.66,17.686335,0.02633460998535142,2.745394845274204,1.137106091544407,True,1
1.3863556746228292,0.6681728921906788,0.00978825305913948,1.7048363185074953,0.01759556935157109,18.58,20.309408,1.7294081878662126,3.7980383018805917,1.9838585858393905,False,4
0.8616583383702217,0.9896022683049093,0.02512802317689828,1.7658532032340784,0.014432075387163613,16.61,16.537472,0.07252822875976506,2.9673041642207423,1.5870337390767768,False,2
1.608944078605763,0.5726967241333816,0.02206450543351819,1.0664421556285884,0.009292554077779364,18.69,22.289091,3.599091110229491,4.006629336471445,2.2554036063293297,False,5
0.6692739304436033,0.9271464123695063,0.03376000410505533,0.9839593220608949,0.032837602406826955,11.43,13.523545,2.093545265197754,3.91880298232246,1.9224479339440559,False,5
1.4646669213871588,0.9705404862770801,0.028596526536611287,0.01,0.00938497192738928,28.24,27.896355,0.3436453247070297,3.3489641499885154,1.391941458465404,False,3
1.4946940782588989,1.2667151867685467,0.012886506356349605,0.8420258713794013,0.023528976207526284,19.74,19.258854,0.4811460876464828,2.8852145251710137,1.2158211096380567,True,2
1.5405838323754786,1.092562786386107,0.01800623226283192,0.5015368519984083,0.018401270858615,24.52,25.856146,1.3361458587646489,2.177773310914579,1.2164669063039506,False,1
1.2820799128744418,1.3302533191125971,0.01918209677540805,0.22680582460740717,0.013014922813913862,33.56,30.44168,3.1183190917968773,2.855958090426834,1.319280807869808,False,2
1.3947768387623034,1.2844726740202561,0.009262547468962894,0.01,0.02319927734055131,19.99,20.007538,0.017537841796876563,3.699054256041991,1.6105030954805755,False,4
0.6762617212091362,1.29175076266878,0.01509719833266548,0.01,0.03249450761491768,14.54,15.602794,1.0627936935424813,3.997797637096027,1.8788916756960927,False,5
0.6994501305538005,0.8063210171604804,0.010637873586432728,0.01,0.0068800693270127476,11.45,12.068331,0.6183307647705085,4.160176809151884,2.3135868152665093,False,5
0.5675241676130831,0.7073562696701678,0.007785901952568198,0.9733072138091132,0.02565535723357479,7.95,10.654221,2.7042205810546873,3.61046399087931,1.9028095874792648,False,4
0.9726765003638668,0.8362328912120638,0.02062269716626019,1.5905518970351484,0.030506467874230548,15.49,15.4572315,0.0327684783935549,2.881062122173506,1.5615174597129076,False,2
0.5532454685577436,0.7135209114154313,0.013003284657131244,0.23017191679946092,0.02253883495396834,7.81,10.5840025,2.774002494812012,3.315082895447666,1.687905532456001,False,3
0.9997860357184107,0.5946283984428904,0.016897743124123045,0.8267684638063795,0.009172270537463091,12.04,14.642878,2.6028775787353524,3.269143347106847,1.643366659449116,False,3
1.499521310563167,0.597062762838837,0.03258229776518368,0.01,0.0302913587825699,15.62,16.880396,1.2603958892822273,4.592665900570245,2.358201738883412,False,5
1.5824055350155963,1.4310174329609242,0.029087709268507705,1.3828313772837884,0.024567062528665723,19.0,19.052406,0.05240631103515625,3.822936492136442,2.056656787492147,False,4
1.4342841708610812,0.6713145382920289,0.021520182980737733,0.8060456886170331,0.03068980429999358,15.41,16.000757,0.5907572174072264,3.0994901384854994,1.293689078008426,False,2
1.0555299625694434,0.8965568364738812,0.024465021534746077,0.2673024351660901,0.010256729641330804,18.82,18.386753,0.43324691772460966,2.4119979038902564,1.1528225082637262,False,1
1.0735909228857463,0.9251460992885273,0.01288449178241852,0.48702834714955945,0.016707832765696345,19.84,19.815462,0.024537887573242045,1.7423171188120967,0.9631588521218697,True,1
0.8934573120368938,0.8914993788639709,0.025779022731093185,0.3334346307160736,0.03328835474603127,14.19,15.398585,1.2085853195190435,2.966577211764837,1.547345834509683,False,2
1.5988098397693742,0.9827034024474843,0.01561012265785538,0.8521701608100001,0.030433277594942805,15.54,16.302895,0.7628945922851571,3.038348358966615,1.4994112731499734,False,2
1.2828660748853027,1.273525158155718,0.021424983209800387,1.0641427023493406,0.014480734981305868,30.5,30.43111,0.06888961791992188,2.110527560141336,0.8986454185166867,True,1
1.3814554904736414,0.7323163444936659,0.02603666623583674,1.5594878347036587,0.01003852063585543,20.34,21.202362,0.8623620605468751,3.5810576293793224,1.821891972849799,False,4
1.237099385765077,0.6358417196476314,0.02691638832282809,0.01,0.03292062667276556,14.35,15.965223,1.61522331237793,3.879593598814908,2.0374909195962134,False,4
0.6657622549307691,1.4124159660888043,0.029055223381576248,0.9788264030294926,0.028556325724003243,16.5,15.96706,0.5329399108886719,3.645854808796591,1.8930560979797662,False,4
1.4535915773587362,1.4008604785792866,0.013476713654133573,0.9709850627781182,0.00898374792830475,40.88,33.36423,7.515768890380862,3.798543890264011,1.9091573832394082,False,4
1.2392386840294103,0.7043443456328706,0.02234200363467033,0.9326158857275253,0.01954284886409515,17.18,17.822844,0.6428435516357425,1.9698378059995048,1.0068835347215181,True,1
1.1271997691734026,1.2371425340374043,0.029008574434454253,0.7580561059723092,0.023346156103430774,19.88,19.531393,0.34860694885253807,2.0588945568848165,0.9882802379454633,True,1
1.616643578602893,0.657992050307586,0.009599028149746931,0.01,0.025004871442921083,18.7,17.917002,0.7829982757568352,3.956844145117037,2.0871198646906874,False,5
1.0025960247200514,1.2464907445368487,0.02536610229894818,0.4133705742438242,0.03185106196489604,14.84,15.932627,1.0926267242431642,2.8814030909153687,1.4596160139150443,False,2
1.41456264251994,0.7935680497889638,0.01662964745591653,0.3716257723451112,0.010764657074189452,22.68,22.324558,0.3554417419433591,2.725278625413717,1.161305218260345,False,1
0.6781904014607054,1.3919603721325107,0.018727038665226004,0.5214022394165597,0.027049375917507258,17.38,16.355232,1.0247677612304678,3.2835142673941498,1.5930561132204637,False,3
1.1635678139641832,1.3919716311891959,0.0284695667004123,0.7302585663865646,0.01699155508288138,26.29,25.46209,0.8279104614257804,2.617504540732779,1.330510880678411,False,1
1.6829984371973832,1.1956401493228077,0.033332136293339955,0.01,0.030489446635651986,15.51,16.3585,0.8484995269775393,4.517374529597598,2.5602877725434263,False,5
1.2642833964749642,0.6599592240859321,0.02300518871798929,1.1797777398228564,0.006628277243648438,16.92,18.231487,1.3114872741699202,3.5460180846733333,1.9019033626575843,False,4
1.0453705762529613,1.2924118432404696,0.014671083379776392,0.6849830845405439,0.018869027013658085,23.99,23.53533,0.4546701812744125,2.1843753097783667,1.2365539887183314,True,1
0.862830666470678,1.3760603917892507,0.02849780833426751,0.01,0.03465975851330547,13.61,16.123785,2.513785018920899,4.306392536033032,2.372115208359373,False,5
1.5543123903524578,0.8055913187259891,0.030079915138409553,0.01,0.03471868541320766,13.59,16.712069,3.122068557739258,4.4074153501220685,2.401084191498062,False,5
1.2985546925941631,1.1348335818387159,0.008840367562334635,1.6384518963763146,0.007103570557143954,30.01,30.859049,0.8490488433837875,4.102429685253042,2.157943839911295,False,5
0.7896432850098787,0.6789290823066182,0.02836902348489645,0.11887576915007902,0.03220038885932085,10.28,11.643093,1.36309310913086,3.8252838242373173,1.9743000849258927,False,4
1.2872761703333597,0.5828587366319629,0.00642147983198505,0.01,0.02352639595310713,14.79,17.56226,2.7722596740722665,3.828035210249783,2.209933992505888,False,4
1.4612182072010325,0.7648149394646546,0.030435937279420948,0.01,0.029078386899600326,16.28,17.018171,0.7381713104248036,3.754788657133205,1.8159383477230944,False,4
1.6125220353397114,1.24450116027961,0.02613120858834103,1.5100431141339046,0.0074210187351307424,40.34,33.007954,7.332046356201175,3.888796848335598,2.0517423210295314,False,4
0.7428723878154861,0.6626581341124134,0.020622832412297922,1.3082704192192112,0.024212049483298897,9.66,10.775395,1.115395393371582,2.905215437560444,1.4837463680020209,False,2
1.5206902381362535,0.6898893481323232,0.02716978310631677,0.10764960513549676,0.013985514099448667,20.91,21.875935,0.965934600830078,3.411678606161384,1.6183621839912632,False,3
1.3515232437470992,1.4315875162162368,0.0236677540054981,0.01,0.02382198204870559,19.53,19.158028,0.3719723510742199,3.4722297917787754,1.8784010310015797,False,3
0.5518984821111229,1.3452268523674697,0.02645721867897216,0.06434818050562008,0.008889007281017056,13.63,17.851212,4.221211547851562,4.3159083579996915,2.5662151038873104,False,5
0.7210131006184957,1.431427842435414,0.019314798743201217,1.3928413032153728,0.02439413283780536,19.08,16.809793,2.2702065277099592,3.343868070679512,1.764417665109568,False,3
1.1868300177925568,0.6808245935418772,0.033185023982024074,0.3431461128153549,0.02273196505019947,15.75,17.268734,1.5187339782714844,3.3320893449491975,1.6470385844316309,False,3
1.3393905927713587,1.1340317663943096,0.03303051829418495,0.010663247950158494,0.020748888895548826,22.06,21.626894,0.4331060028076159,3.1535556061271075,1.513085919180368,False,3
0.9851387751103041,0.9766423655882104,0.009659178472307229,0.01,0.014193794720773876,19.29,18.568323,0.7216768646240226,3.013481748084724,1.5753691600197066,False,2
0.8661573295621527,0.9350479538268086,0.02365193198430522,1.0678642649874321,0.018000718927512614,15.82,15.9373045,0.11730449676513643,1.5361093834483492,0.906912495609087,True,1
0.9908269924232609,0.7460032244651451,0.023006561572162333,0.37728139318634524,0.0073045506653004,14.86,14.95223,0.0922304534912115,3.079352271828294,1.603717216806864,False,2
1.0023465660626387,0.9766099513544273,0.012685967169007053,0.932675507440023,0.022383388647309446,19.44,18.070045,1.369954528808595,1.5399009376994166,0.9276172310631413,True,1
1.3420572736078986,1.1328767977605534,0.02483121655599413,0.3754836376836813,0.028693194085605927,16.49,16.393059,0.09694122314452969,2.4108178312488104,1.1594563433790124,True,1
1.1589576993099824,0.9382080523419101,0.024079449294734386,0.47212356353856655,0.02087375562960516,21.29,20.749712,0.5402880096435538,1.0815554571242048,1.067913279957597,True,1
1.3836266114494027,1.3472561365889075,0.0324746092597892,0.7830182760907598,0.021088272481422615,21.75,21.297352,0.4526481628417969,3.045123027984472,1.4597309891144021,False,2
1.4592880035978866,0.8330499358409402,0.030093737529103146,0.7623798696509383,0.009576057118582238,24.27,24.243788,0.026212234497069886,3.183788337071193,1.585749022413353,False,3
0.5874847019592527,1.3073301938082125,0.007848101635165363,0.2980669541511569,0.01578944771427014,15.33,17.784548,2.4545478057861327,4.149230210514797,2.0595977024223533,False,5
0.708389297067431,0.8325488827791392,0.0273994476902234,0.01,0.029824471231285656,11.17,12.329152,1.1591521072387696,3.429875407752113,1.6491371491118698,False,3
1.5271788599811824,0.8850240588041304,0.010637859469580482,0.9943920655348486,0.009684678970109183,27.38,25.933414,1.4465855407714834,3.3609188068322515,1.5736847578058233,False,3
0.938285128148947,1.4120104419450987,0.03459178317948958,1.3667998455417765,0.01512992994748613,24.11,22.141111,1.9688886260986322,3.702881923820972,1.9729324085713735,False,4
1.3248836468881566,1.1845335623034865,0.01730257197826616,1.0814753351054422,0.006583441967545579,31.63,31.305487,0.32451332092285057,3.0474948532725548,1.6909743209399477,False,2
0.7515873486607272,1.0224209475310306,0.010926336194317855,0.048646451015377457,0.03008439139979257,15.08,14.7415285,0.3384714889526368,3.3208362355940526,1.422676751846002,False,3
1.6859947897440497,1.0501842223849804,0.030141749670991945,1.8413035042387769,0.010308750806469879,35.16,29.257788,5.902212295532223,4.316736938744253,2.4324492402439226,False,5
1.038096858723027,0.903284528099946,0.008544690926711833,1.3303238899043524,0.0186260659892775,18.45,18.122864,0.3271362304687493,2.640643242722119,1.2587738120703604,False,1
1.0633489619973697,0.6858077032843027,0.01141504107765546,1.6603491947163966,0.007549053270085703,14.84,16.353863,1.513862762451172,4.113000663395166,2.031436728429204,False,5
0.7800895646068613,0.8129192728390451,0.020214990548371323,0.9630902020291074,0.02032011075122686,12.48,12.186091,0.29390857696533246,1.831982553263252,1.0091687371788944,True,1
0.6019261163451337,0.7694131842943502,0.030270322799245263,1.0742997601657194,0.024756811138683603,8.77,11.2514515,2.4814514923095707,3.396080890035747,1.6018710446287678,False,3
1.30396716721866,1.2362251827571216,0.007920390501353024,0.4850638851669863,0.021636311011152494,21.26,21.239065,0.020934829711915626,3.0931871972232767,1.4530142472958716,False,2
0.9065867670885862,1.309564896204608,0.019998028931837563,1.359238591431014,0.030531628779266688,15.49,15.932629,0.44262863159179666,2.966799192104517,1.3561752009138344,False,2
1.1058299075414237,1.368068265807283,0.022972920353853912,1.5367761005377172,0.0159733602310275,27.75,25.107048,2.6429519653320312,2.810261993941261,1.2675629510603836,False,2
1.0986733680193128,1.02810532313625,0.009254057863771432,0.5545251023172628,0.03239109595950599,14.59,16.080173,1.4901734924316408,3.0016106504745523,1.64049712385975,False,2
1.2568068901433516,0.7099321109950889,0.01590872967837457,0.10452168519599991,0.0069846855405360075,18.15,18.610159,0.46015892028808736,3.4724509365031864,1.7530263103537167,False,3
1.6121207920216865,0.953302104623108,0.015017538873757215,0.9892533458717498,0.006486281788579881,31.26,28.421469,2.8385312652587906,3.543423685631497,1.742090266481825,False,4
0.8341958990642233,1.1824002375361848,0.024300174170328433,1.8227864181537625,0.02393723388895702,18.76,18.386343,0.3736569976806656,2.9910807467361185,1.4620697444936002,False,2
1.0731460436874882,1.2349031884969852,0.03197014158429028,1.2550131483624098,0.03369693716522995,14.01,15.386551,1.3765509033203127,3.62286077917839,1.8486225916565449,False,4
1.4378882588894133,1.3296337086462175,0.009513680958072751,1.2804925065619,0.01880567776513544,24.06,24.857977,0.7979769134521497,3.4968030408513844,1.581124050808032,False,3
1.1637004596445975,1.138409406245483,0.03386196009281365,1.8288143125949539,0.014482802511492891,25.19,26.21849,1.0284906005859362,3.6454521291422957,2.159143415788087,False,4
1.3800903513942333,1.2246100908795654,0.01612603820117043,0.01,0.007443668095289548,34.02,32.026943,1.9930567932128938,3.6073581271998094,1.7896133862556052,False,4
1.4323038651533566,0.9906053207377576,0.03430939848539658,0.6989548045758753,0.03411555270964475,13.83,16.04054,2.2105406951904296,3.9681023630662,2.2743519467795035,False,5
0.9941724382214177,1.2638967616414658,0.008680415498818863,0.8957178992769177,0.029109583850528684,16.26,16.245752,0.014247665405275,3.203246120405136,1.643515301912365,False,3
1.6088161944288348,1.28987977685749,0.0073189398714533895,0.4983149499503331,0.007664323431378655,41.89,33.44762,8.442379608154297,4.535459939579537,2.4485131458989264,False,5
0.6320721678199517,1.1574718853766304,0.026561926343816808,1.3703133194106547,0.030914242550673942,13.48,15.055992,1.5759921264648433,3.34247707833855,1.5532536062918494,False,3
1.38689166671457,1.2703603357926934,0.007660186475747252,0.19787591089423684,0.023981073500620464,19.41,19.203697,0.2063027954101564,3.6472973014264345,1.641714125672189,False,4
1.52906819434001,0.5543928998591947,0.02091016946692356,1.1606229955905794,0.007120871853571731,17.26,22.302483,5.042482604980467,4.169639661556508,2.3311963177645056,False,5
0.9819299547281464,1.3555560416178736,0.025376954473048517,0.20466721266685206,0.03055342279032109,15.48,16.014431,0.534430999755859,3.3113919816779314,1.6544220214075236,False,3
0.9180560377899849,1.3175355767485395,0.014773079806508927,0.9715164041089444,0.017577404389238563,23.79,21.74462,2.045380630493163,2.4598669498327026,1.4553769161673693,False,1
0.8303663295303435,1.347395195543915,0.011604743783019227,0.01,0.01601139501334326,21.82,19.764309,2.055691070556641,3.7050807566650192,1.7570070126782835,False,4
1.3607878975067058,1.2762580311567042,0.0346850804573396,0.3323160502740158,0.01789058512956092,25.14,25.039038,0.10096229553222713,3.285072783151256,1.6236936642868156,False,3
0.665059538192027,1.067178271214415,0.0346519791528947,1.2119263600078116,0.02322145746314952,12.88,14.216502,1.3365021896362297,3.420099582451587,1.5612985233674972,False,3
0.9711655849983455,1.373234596837781,0.020406173537728972,0.01,0.01667896851841353,25.8,22.772335,3.0276649475097663,3.0809836080046304,1.6904939913033465,False,2
0.5816242833552948,0.7319337543989767,0.006769725067681134,0.673527669474765,0.024340955961965248,8.45,10.999288,2.5492876052856452,3.5616068198629987,1.97020849097663,False,4
0.9123795086141817,0.9282858988168746,0.03356018293551467,1.3230023714845178,0.021674148202540225,15.75,16.867746,1.117746353149414,2.9660001676910013,1.5937375422061464,False,2
0.8420043573748264,1.3567804557780618,0.012956399695209881,0.3953333675159536,0.03215559993186815,14.7,16.174227,1.4742267608642585,3.68433944262713,1.591180077276832,False,4
1.1354771963320331,1.2177184429716226,0.023075947602680925,1.1087660580023229,0.01480034319532679,26.97,26.386915,0.5830847930908192,1.7788091303844316,0.8227805848508563,True,1
0.7902949156531733,0.8402796818229206,0.01068989204138352,1.5890502650479137,0.014341003966640533,13.35,13.5723295,0.22232952117919957,3.341237407611176,1.5131777967404534,False,3
1.1737450785715315,1.2623614532588312,0.02856979869473701,0.6411420050903572,0.019835257098677637,22.96,22.824614,0.13538642883300867,2.051268506317095,0.9618567575559588,True,1
1.6926652709665513,1.1568352307882352,0.029446585319417982,1.650456156087876,0.028697680748816977,16.49,16.910677,0.4206769561767594,4.102344997312993,2.3175155503597122,False,5
0.7229848884969368,1.0557594258309249,0.009166261823247309,1.107641682873432,0.033473142492464816,14.1,14.5809145,0.48091449737548864,3.5061286599593706,1.6004542357491558,False,3
1.1153414738277045,0.9396054235137145,0.007286844610599032,1.7748799638163422,0.009210152692288644,21.29,21.846802,0.5568017578125009,4.07588125164571,1.954961708633703,False,5
0.5503754752855641,0.7715701156739149,0.00813157366272668,0.6775241659749714,0.020969075986513052,8.46,11.373869,2.9138689422607413,3.404700994212963,1.8690954000681579,False,3
0.8755787748118196,0.5961624816436616,0.009442440954526562,0.5239780074229056,0.00800107681254739,10.61,12.618373,2.0083729171752935,3.9669220405666064,2.0743676799554747,False,5
1.3374905521809806,0.7364662530174572,0.01486208112630018,0.5448993557427393,0.0181373202522276,19.1,19.694155,0.5941547393798814,2.1274899292800162,1.1516234190407926,True,1
0.5031584556378241,0.6511025340297989,0.030815959040527523,0.01,0.02074361177448178,6.24,10.700754,4.460754165649414,4.297835758498749,2.2620199877766476,False,5
1.0875155221126862,0.8498111050162754,0.018539897167051508,1.3852311043577596,0.030223858668399686,15.65,16.017862,0.3678623199462887,2.4623667030235317,1.2483860117520778,False,1
0.8130257530310927,0.8402779680776994,0.013166552370321617,0.7313323939754928,0.025727770183613063,13.36,13.4905405,0.13054050445556697,2.1029404518907833,1.029860590489764,True,1
0.7745801962162615,0.8476907990507349,0.0327400103366046,0.01,0.019394382547375466,12.56,12.777834,0.21783393859863232,3.41495744486263,1.6560822294131647,False,3
1.3535036899216553,0.6856108481089349,0.007614953670089381,0.01,0.032433382951992176,14.57,15.927487,1.3574873733520505,4.061033907553649,2.216932358318671,False,5
0.5122609500078132,0.719655549197175,0.0071571166929532476,0.01,0.02393130089762439,7.32,10.910778,3.5907780456542966,4.118059020907165,2.3319428668965694,False,5
0.7906145564793721,1.0620898302542425,0.023060314729715745,1.5349518030302385,0.006413036702578092,16.53,16.645672,0.11567184448242074,3.5126357842774514,1.9157481718342293,False,4
1.5233714404888783,1.1069581035041907,0.010897659881393119,1.3686100765470077,0.030630577660705285,15.44,16.195614,0.7556138610839849,3.5704869040519776,1.6859946017183378,False,4
0.8057368096361993,1.3763766598777043,0.01919804653398354,1.0000109712164116,0.03430720229751997,13.76,16.350323,2.590322723388672,3.5903075289243622,1.9563133803894739,False,4
0.9342324884772487,1.2814074813552034,0.015326662860765226,1.4257464808665141,0.023378621048315475,19.85,19.052021,0.7979789733886733,2.58312228917571,1.111823654421106,True,1
0.760329247475655,0.9225719092208369,0.015304938811957658,0.01,0.007127347350216296,14.12,14.3326235,0.21262348175048906,3.6107126763418274,1.837339383687042,False,4
0.9161960662030544,0.5674595245722259,0.01097574498767839,1.2647707642176216,0.02643466543536917,10.28,13.80164,3.5216395568847663,3.3703310039620242,1.6704281517495254,False,3
1.3858722044566247,0.8354795648724542,0.031591465860498026,0.9791494050734206,0.009865546490417966,23.03,22.852829,0.17717102050781364,3.246373543452128,1.7328591002109426,False,3
0.6733215175586006,1.1734655727106134,0.01118790202961359,0.790976313723079,0.03451002163580628,13.67,15.29861,1.628609733581543,3.650168352438235,1.7871264915817135,False,4
0.5059696688002371,0.5652529767140548,0.03452406611280471,0.9591623902663655,0.009890700099959912,5.54,10.649895,5.109894714355469,5.110254351987076,2.9732439814156604,False,5
1.5759959463899622,1.3418416082430136,0.02152394962153386,1.0399505307217307,0.014054642326667338,31.39,30.78564,0.6043592834472662,3.053470852657668,1.5027319578927205,False,2
0.5616838313580854,1.0848854161407924,0.014653902026789897,1.1309060573790768,0.03008270866293056,11.71,14.6080675,2.898067512512206,3.1348604719788393,1.497598254530755,False,2
0.5229226615903408,1.0859158616290294,0.012847803356129759,1.5881242334211867,0.013498907575698276,11.22,14.916798,3.6967976379394525,3.7790030564970247,2.0018005946534374,False,4
1.232775644536522,1.048000831905543,0.01753944478059942,1.1613478828080945,0.026937900554624944,17.49,17.63787,0.1478707885742203,1.7252769258468805,1.1321842997803366,True,1
1.1802714050171321,1.2321967939614342,0.034248988287951906,0.5995796565704953,0.020926241636632516,21.89,21.419239,0.47076095581054744,2.782503530006244,1.3827532886093552,False,2
0.5161061397371938,1.2660062672905745,0.021069531689320374,0.5749844310838338,0.008955929871551742,12.36,18.103344,5.743343963623047,3.759668821078505,1.9957581767963053,False,4
1.5668375080624197,0.9054732554967431,0.025689058829236798,0.012696730047193572,0.03364963805983931,14.03,16.228027,2.1980273437500006,3.8904764210709533,2.0328832840828004,False,4
0.7149143247225797,0.7297427608978521,0.030708355001535292,1.6722633266745612,0.012317077578074032,10.18,11.005491,0.8254912567138675,4.1483311746122995,2.2046545889029465,False,5
1.063916684247713,1.2097861989592422,0.031259872492012036,0.5121235405464696,0.020995597444101708,21.83,21.177998,0.6520024108886702,2.322142902719488,1.1157727992661137,False,1
1.3896286675233163,1.2076654354249738,0.028545215150465264,0.9271869212983652,0.009256051796791172,32.7,32.753223,0.05322341918945028,2.871559328771382,1.3744702369635609,False,2
1.583986863208005,1.3285288829963657,0.028975929874444063,0.01,0.01209646413231025,36.45,32.48711,3.9628898620605497,3.846067686396208,1.945371849179709,False,4
1.3918853484951854,0.5711509227428404,0.03412969713755518,0.5079746388147228,0.026754092054866976,15.66,18.14528,2.485280838012695,4.169167973432464,1.838988424638701,False,5
1.5643396072350373,0.9051340021751386,0.015347530087313299,1.0115718677451382,0.02281657080284395,20.28,20.678493,0.39849349975585824,2.4192513199139354,1.484120764812351,False,1
0.9912544643340857,1.0913649081293282,0.032882187199399726,0.7047536556229972,0.011878550813396895,20.7,20.293291,0.406708908081054,2.7641371159454318,1.4291722238686375,False,2
0.9530025665697911,0.9046638907179986,0.009997528024638755,0.04204616598616434,0.02576488188938055,17.1,17.224775,0.12477531433105327,2.791016114775142,1.275297723918066,False,2
0.9078100888438239,1.4088361318602816,0.013198246902635422,0.01,0.027727405866606034,17.03,17.033804,0.0038039398193348006,3.8363492843383504,1.6802093626977623,False,4
1.5565116623509279,0.8003813263413752,0.012017165918673904,0.09182963404768674,0.02113772341401562,21.7,20.542908,1.1570922851562493,3.120281564283031,1.5617151800578326,False,2
1.0622585743744977,0.7835931431257581,0.007552329491911658,0.7348722840075865,0.03358652068580053,14.06,15.347152,1.2871517562866206,3.3837857707680654,1.8762836545035597,False,3
1.2827844541244517,0.9958258622602615,0.00941659648131182,0.2368012252069578,0.01466913319509824,25.72,25.90209,0.18209007263183707,2.7738412771510164,1.433252204485512,False,2
1.4172834287250204,1.338542589299792,0.031922167859063454,1.828793713541447,0.03424221844077258,13.78,15.941305,2.1613051605224616,4.7044160689020345,2.8849046317140745,False,5
1.6427121027825011,0.6149178845577882,0.010187737584035541,0.34993889548663804,0.022016926109988347,20.32,18.349516,1.970484085083008,3.7510350548380864,2.046316164865573,False,4
0.6173334310346399,1.3107499029877792,0.023816071811513406,0.8672383264080623,0.010983836804785404,15.24,17.925888,2.6858880615234373,3.325659197961375,1.6466676169706225,False,3
0.8045293731389838,0.6944735671868156,0.03050776377206984,0.9582687435563191,0.027204337376168893,10.73,11.777491,1.0474906158447261,3.2872323864063318,1.4714605764641264,False,3
0.8557699493691777,0.8841169878897875,0.017786665097286894,1.3405107981398003,0.028263947055752928,14.82,15.390755,0.570754699707031,2.296790342904805,1.0268587654904595,True,1
0.7488992329504953,1.396825415130919,0.009700089746904495,1.6364702750977203,0.009135940467629628,21.04,18.596498,2.4435015106201163,4.592201913580029,2.756089408280536,False,5
0.8180462318731203,1.3113626670852914,0.011374221747744368,0.5871755435118683,0.01908380867829506,21.22,19.591934,1.6280657958984364,2.9623997455848343,1.395875442043136,False,2
0.7949508235206908,1.188883854900188,0.030490733900264813,1.589617308925388,0.01593724671419228,17.62,18.780617,1.1606167602539053,3.1710221620189367,1.4422202114080647,False,3
1.1370443804622552,0.7736736756408181,0.013232384592920095,0.038529112291523004,0.03303674525962056,14.3,15.679269,1.379268836975097,3.2920865981134106,1.550702721870978,False,3
1.5648399941235946,1.2492213871678013,0.0209964466573813,0.7546959126931347,0.021357862169703305,21.5,21.542166,0.04216575622558594,2.4917154237902026,1.1923170124934388,False,1
1.1438931881443792,0.9410354244630681,0.010015913195539693,0.01,0.03338490576314679,14.14,16.10352,1.963519439697265,3.4973868946752966,1.8142479492821386,False,3
1.0785661446326924,1.40731418179052,0.010921373086378599,0.8934452447298649,0.012190968355234786,30.37,26.851818,3.518181915283204,3.491345699488668,1.8052846410208616,False,3
0.8044444841052679,0.5773673000400067,0.0096516605236429,1.6815388415853232,0.015430858825421358,9.34,12.077873,2.737873229980469,4.140777218939919,2.2595505686719433,False,5
1.229612236601354,0.9684120434778136,0.01766136230446058,0.8444536576681534,0.01160803071928411,23.83,23.797508,0.032491760253904545,1.8126260046719904,0.9375819198930264,True,1
1.6853610062618158,1.2860361940601384,0.02736877631125543,0.7071869642582551,0.01062988355748793,41.45,33.47707,7.972930145263675,3.526261473846169,1.877110968591539,False,4
1.6039819307402756,0.8572667349022478,0.007692708660840885,0.43243171393116453,0.02889316300484322,16.38,16.663967,0.28396713256836037,3.6996130322305856,1.9199756301834103,False,4
1.2470762217085243,1.2253788096208882,0.028848967289228096,0.14877542977118158,0.03257457830937522,14.5,15.760117,1.2601165771484375,3.4807607924458708,1.8712220645188253,False,3
1.0258117731289138,1.1248440521234104,0.0063326735953260875,1.8479287232860675,0.01427409304661689,23.22,21.612032,1.607968063354491,3.9746997730612152,2.14500591931397,False,5
0.5755110192552987,0.9623416641536391,0.009938382819001428,0.019116940356891488,0.02427669510412809,10.91,13.560547,2.650546875,3.4963598139428034,1.7891571998269167,False,3
0.9718343388762966,1.3791266066914472,0.015348213150827076,1.2669382823923219,0.019403771377229706,23.41,21.9499,1.460100326538086,2.7610806801886807,1.505612835532497,False,2
1.29168694020798,1.0894954512987942,0.019719507339864436,1.7537585031621399,0.01603378941601913,27.51,27.795536,0.28553604125976406,2.6447035601579922,1.4757549250167248,False,1
0.7134694144796963,1.1599787891817712,0.03033915770106297,0.01,0.019077357931493046,15.37,16.724277,1.3542774963378914,3.2283540590084088,1.5486643111075475,False,3
1.5702289213638658,1.2242820151756961,0.03448773436724654,0.8434267042140542,0.025065573520971208,18.66,19.09334,0.43333992004394517,3.5488555330785516,1.9253344298571533,False,4
0.8634929412745594,1.4022167090622673,0.01669063746562934,1.2937506455568855,0.01775389810682952,23.54,19.98571,3.5542898559570304,2.967607851492846,1.619513493353623,False,2
1.1741398103939178,1.1974582710188164,0.02074811933860271,1.6603115868930909,0.018213932635555905,24.74,24.280294,0.4597055816650375,2.389644635835626,1.1684793716177033,False,1
1.2762593234798776,0.8581436249773347,0.01788061130292768,0.6447599797097749,0.009859303207050647,22.1,21.515957,0.584043121337892,2.287766292819959,1.1116247493762477,False,1
0.6110397151417765,1.1504452767242734,0.024918987649329274,1.1293592933718917,0.006840741385464034,13.43,17.006271,3.576271362304688,3.61387758266161,1.787322063003037,False,4
0.8923208927655826,0.7281854978317153,0.028408388878719056,1.5592950320056558,0.013300096634005654,12.83,12.883588,0.05358783721923821,3.4487307449631355,1.7030726639403888,False,3
1.3011473302548777,0.6666490710914295,0.014096130539517835,0.01,0.014348798934830239,17.47,18.885279,1.4152787017822277,3.0849668434336266,1.4921979192112722,False,2
1.3093973372754397,1.3687647195067632,0.012029523607124101,0.8666178064979349,0.02624393872148815,17.91,18.031849,0.12184890747070298,3.148403519095575,1.4719269774562775,False,2
1.6426202710427877,1.0988140835123632,0.013525756071790821,1.047965866799415,0.0154012019914018,28.67,29.236368,0.5663681793212874,2.9886978678818714,1.4423738230383927,False,2
1.6704173121249606,0.9096707650858373,0.025770041991374774,0.01,0.01766625786640893,25.42,23.333456,2.0865439605712908,3.2343760177401752,1.7739407717369544,False,3
1.5494103263331462,1.098964188124305,0.018898867212579756,1.723047309426962,0.030587674528984674,15.46,16.261267,0.8012667083740226,3.6187411412819817,1.7475322011067003,False,4
0.8871328344175626,1.0399162971404845,0.020204369113367898,1.0625876825641807,0.015788913304676383,18.04,17.76646,0.2735395812988273,1.4830526240217312,0.8117069721108232,True,1
0.7936883307020051,1.3708728939696173,0.03255477237187265,1.5216605304065245,0.034123735338942786,13.83,16.23663,2.4066294860839843,4.401195390036601,2.2342302184907177,False,5
1.3935517399451347,1.237811272440553,0.027965609014317376,0.7329506932416237,0.019271482691041987,23.55,23.519583,0.030417251586914773,2.2031581763586447,0.9226596528785171,True,1
0.7889224450523094,1.1300634521236896,0.014499253693001275,0.24848268377785776,0.022958104274486957,17.51,17.173517,0.33648277282715,2.3822847511552085,1.17204836848306,True,1
0.992263539597507,0.7471073157426902,0.02948692075593992,1.5591635160906452,0.011051819445801175,14.7,15.259004,0.5590036392211921,3.5701032478442647,1.841277373030795,False,4
0.5101614326469384,0.8525404083813359,0.028959238838416154,1.5126386531279485,0.010215757217475602,8.26,12.318406,4.058406105041504,4.180448896860558,2.2381506758837144,False,5
1.4287016814717888,0.6543694514603726,0.017365765005279844,1.859325104592946,0.011760377844637276,18.88,22.135704,3.2557040405273447,4.064118123037787,2.140843375168113,False,5
0.685593320022846,0.9304602747443589,0.023898939311527742,1.716444089527923,0.03419822300981155,12.12,13.879971,1.7599705505371102,3.8233154714712105,2.1507924063505017,False,4
0.5845877071914477,0.6744119985925503,0.028766524802364718,0.27636739989788806,0.03146627176977805,7.48,11.070759,3.5907588195800777,4.0645275806138565,2.023169852611119,False,5
1.2958817322403589,0.6508997394901531,0.029955648761488325,0.07136849786123933,0.01833333104817058,16.71,18.952223,2.242222824096679,3.322200258956126,1.5342525626881116,False,3
1.1625997934446093,1.000554430619279,0.025790961120116432,1.1071298330331951,0.03451763716080873,13.67,15.800758,2.1307583618164063,2.916389941423519,1.598247601072865,False,2
1.69831927981424,1.014663246633818,0.008975761253398147,1.2705547804130097,0.03407988750539302,13.85,16.16027,2.310270690917969,4.400702133075826,2.452452541936065,False,5
0.882474081916701,0.9649909862920008,0.018353521695666862,0.01,0.025414815946590504,16.68,16.147408,0.5325924682617185,2.2604770494914654,1.1111487551971855,False,1
0.9244121157767524,1.258306301339979,0.029944005169132364,1.4736221429859642,0.018138924743263084,21.89,21.315826,0.5741735839843756,2.7948889938651624,1.155026154827166,True,2
0.8863302899909631,1.223564728143423,0.029069599913212785,0.7561082916526416,0.031699180282816874,14.91,15.891743,0.981742706298828,3.0079569309279925,1.4595405289549066,False,2
0.6735491491164552,1.3406625027804424,0.009001260063231114,0.02172370895440856,0.021474412273767306,17.88,17.538952,0.34104812622070213,4.0826138041399505,2.0822032074450423,False,5
0.5820456979482811,0.5978226603416072,0.006281740383837702,0.6366417449502518,0.028328590546288612,6.87,11.140178,4.270177726745605,4.080944830713018,2.397171586212413,False,5
0.5429000477327912,1.1367508600268126,0.029688126528961162,0.05319972843074122,0.01045870585796451,11.36,15.293713,3.9337126159667974,3.99331125327917,2.1892559495121455,False,5
1.532273224518748,1.2903666227881891,0.021601951690247194,1.4692060161546712,0.008918471735308152,39.35,33.611965,5.738034820556642,3.5451878331604907,1.7574730247992663,False,4
0.9736959375720483,1.2136544420095672,0.01359248116999174,1.323797773448285,0.02063006756756877,22.17,21.66283,0.5071696472167986,2.296600866890961,1.1707309911066979,True,1
1.3998697151707258,0.9681113208680066,0.016735277345489685,0.1645067903071934,0.012209815422497243,26.95,26.916906,0.03309364318847585,2.520822341499146,1.187485815363232,True,1
1.4013368598276799,0.6572519266457882,0.008713509547395686,0.07122712537056752,0.01126949949768155,18.66,20.614525,1.9545248413085936,3.8446464911957388,1.8135400926911203,False,4
1.4871225249781759,0.9086193307739698,0.03444735097168725,0.01,0.024881799405905312,18.79,19.24811,0.45810981750488367,3.737795918060262,1.966592749827349,False,4
1.038676487483388,0.9035951101999802,0.03116650017355818,1.8092823650746164,0.031124960333093157,15.19,16.571625,1.3816247558593755,3.844392626138345,2.098227957421458,False,4
0.7315151254884561,0.7488526274834009,0.024934811998376813,0.3164892962294955,0.027192828623745904,10.55,11.119391,0.5693914413452141,2.82833412377469,1.1510602429911718,True,2
1.1796519473177127,1.0456345020811173,0.029842335259836754,1.2329137302275779,0.007034633109058301,24.3,24.093758,0.20624237060546946,3.122895979242076,1.655592833504772,False,2
0.560413448388039,1.0911704433532305,0.020101019572166257,0.25364973503193955,0.01819557482858985,11.7,14.913503,3.2135026931762702,2.7946528850606454,1.4248351276114288,False,2
1.409026419867847,1.293501452257747,0.022235940645176283,0.5258591390611093,0.013983749490800595,31.59,30.629972,0.9600275421142577,2.4865684679300135,1.2204737018497132,True,1
1.126345342398491,0.8333186821205341,0.022317662088295692,1.1592421767982644,0.008159085318422724,18.87,19.046051,0.176051025390624,2.7032991134578097,1.340048799763602,False,1
0.502447844345399,0.7411921286385545,0.031719281738313544,1.0932220481131685,0.01117310873371949,7.09,10.919367,3.8293668365478517,4.270439261862874,2.2850712475570933,False,5
1.567565245504145,0.9728549121162753,0.01981362654822901,1.722187189585695,0.007971422004207553,30.79,29.00482,1.785180130004882,3.7903819284157145,1.935015574519878,False,4
0.7589188829830804,1.0769772313652717,0.011829325166662678,1.1654929377624204,0.012372440783166933,16.38,15.902692,0.4773081588745107,2.918024647860439,1.314120033096263,True,2
0.6199436280512627,0.7364344433936942,0.01829539358168192,0.07089428979424206,0.010112224716144974,9.11,10.957548,1.8475481414794928,3.667636264780942,1.7188401082975484,False,4
1.5316514395407923,0.8383960701761677,0.01653195594174591,0.01,0.016450988066518547,25.74,23.740875,1.9991247558593734,2.8708178904524,1.50466925932888,False,2
0.8183664944488938,1.0991958006579927,0.012111126129941542,1.6196037943009902,0.032742053067727796,14.43,16.168844,1.7388442230224612,3.520596984412255,1.6374016096031756,False,4
0.6207510776382469,0.6469063553867705,0.009548462010985371,1.0351171983991154,0.009750048765481358,8.12,10.811199,2.6911991882324227,4.117831799462528,2.079464973784643,False,5
1.5221890005003997,1.2284651409742553,0.029593703568325122,0.8317862003841696,0.03464958340975942,13.62,16.223898,2.6038979339599617,3.8911584088698428,2.424148235592718,False,4
0.5540840073736379,0.9110991812060254,0.015484227544351713,1.750680346381447,0.022699050911073267,9.85,13.715116,3.865115547180176,3.452021036208649,1.825737813080623,False,3
1.4668590329483289,0.703490161173076,0.03411289542543704,0.772160374365054,0.020330987660955483,20.34,18.525408,1.8145922088623045,3.564956435436334,1.5028287368916466,False,4
1.6641362304770189,0.8926396108838626,0.017578100041399033,0.9594099931437983,0.00992322646584783,29.84,26.185303,3.654697265625,3.202477694211261,1.5355859828471812,False,3
0.8857792155425337,0.7240485566449202,0.009205793385903778,1.5712854504358185,0.02305402911992939,12.73,12.759704,0.029703636169433167,3.2949820644357595,1.5197338891293466,False,3
0.9308027213361063,0.9177560228158398,0.01854535983913888,1.0646462048338845,0.03265958023772924,14.47,16.011581,1.5415814208984369,2.429015032590095,1.3165299203222742,False,1
1.6184923095928467,0.9023129061401046,0.015635766826548346,0.6686711948858245,0.022444941754677077,20.58,21.177576,0.5975760650634783,2.5240298547751197,1.5132665268948384,False,1
1.0543543350329796,1.1425908277569197,0.022041770263207146,0.385271741072726,0.016119676287519605,23.6,23.298485,0.30151519775390767,1.5264901425355064,0.9622455274725853,True,1
0.9546637402232013,0.6354317767617192,0.010992102393551723,1.2602706784353943,0.01735413460680393,12.19,13.747572,1.5575719451904302,3.0419209904235727,1.5000895605560354,False,2
0.758153099761615,1.0562104518830462,0.027764993692223496,0.24764323921626807,0.02981355326839976,15.01,14.685753,0.32424713134765604,2.94733691612806,1.271615540919417,True,2
1.6121739775738142,1.0874269220566113,0.025301120681757668,0.01,0.0331933338797617,14.23,16.09877,1.868770141601562,3.9486592031067533,2.0664031497231736,False,5
0.9713041051199669,1.3809677899211463,0.022741123409591994,0.01,0.0073752082299770655,26.15,22.917278,3.2327217102050767,3.824491644333329,2.369613202574034,False,4
1.3162037880846498,1.0562064990483606,0.007021930267779235,1.3045125888577427,0.03053532425404801,15.49,15.875687,0.3856866455078123,3.474771926582513,1.877284262552994,False,3
1.0957991734530532,0.9690803052228321,0.006422711164249486,1.3984269782849177,0.015692265187342208,21.33,21.874859,0.5448588562011736,3.1495927562734534,1.4824372090697078,False,3
1.553789646442182,0.8857424023044262,0.022345625786628333,0.275736014819554,0.010849391095644437,27.47,26.023275,1.446724624633788,2.8816797748877145,1.2641700354621341,False,2
1.4293868500448519,0.9968003484679259,0.021532130407997792,1.7871470305761599,0.03370743229478764,14.01,16.128077,2.1180765533447268,3.767455137329362,2.0020257198828713,False,4
1.5260937321705739,0.7190148216493216,0.023176329966288947,1.5973850995695624,0.016937596531398424,21.84,21.385067,0.4549330139160155,3.3708134394619598,1.7176192255713594,False,3
0.6222784571682479,1.2794327972497115,0.019975010979190556,0.9151379373796946,0.0342358879557033,13.78,15.610386,1.8303858947753913,3.582711574674865,2.0136657513288467,False,4
1.2285128789622128,0.9324193241816068,0.016794462152669356,0.5959850669700718,0.00964842816606481,23.09,23.281736,0.19173637390136733,2.232565662412128,1.1296718252918543,False,1
1.4531552265964145,1.303485594254957,0.01435917531486847,0.3484822071486109,0.031166956304703834,15.17,15.6171665,0.44716651916503913,3.5780693423537566,1.6518042219196496,False,4
0.5298819011615198,1.018257633645098,0.019460342273265475,1.1885416934018078,0.010929192613463893,10.48,14.762452,4.282452125549316,3.2767190422348538,1.7200049271719937,False,3
1.301724189603579,0.8890449431836196,0.02387180150866145,0.01,0.01942164145785394,22.72,21.244516,1.4754836273193348,2.182765373364084,1.1988394633935955,False,1
1.1267435330685123,0.7430344928646968,0.0102398115057943,0.09771843752449155,0.01607442293585057,16.78,17.833601,1.0536009979248036,2.867070253649096,1.3955609992059967,False,2
0.6171325056430267,1.4020226933329623,0.01779062294530985,1.4469606878102084,0.0340159254509349,13.88,15.558852,1.6788521957397453,4.221705301426189,2.427447882893501,False,5
0.5978773431713346,1.1362221017107812,0.031061929055873634,1.067006041583108,0.018490769280797827,12.41,14.973285,2.5632847213745116,3.08009067132317,1.43013826962655,False,2
1.0175307937556353,0.5826215486493154,0.021478433073898413,1.8483081630356533,0.03356873444826475,11.64,14.583946,2.943946228027343,4.344094456772088,2.6256565073719678,False,5
0.5495611047024149,1.1848847604602823,0.014853354269194098,1.6514024467239317,0.00756230870244401,12.86,17.627552,4.767552032470704,4.314787828047404,2.441815522333601,False,5
1.6221990122336991,1.303268823482365,0.009610432920648617,0.01,0.030038941674031604,15.75,15.84578,0.0957803726196289,4.531197132558434,2.278427356939601,False,5
0.687742355447172,1.0312403659144416,0.03232345271734665,0.9217818548379373,0.017585751610516877,13.24,14.170914,0.9309136962890623,2.9020960524332042,1.5299261226973688,False,2
1.034228356246177,0.6070917943927931,0.03383171946680617,0.3633937120292926,0.011668508293634916,12.48,14.638154,2.158154029846191,3.974777501715336,1.9501064805914343,False,5
0.8438088194121188,1.4173543306093612,0.0089497819301525,1.5738044192786602,0.026427624593073983,17.79,17.925285,0.1352853393554696,4.073196913231316,2.1893826355927466,False,5
1.4954014812788663,1.4277151439003182,0.030229527673297223,1.739235842459685,0.009891419759252113,41.16,32.849316,8.31068435668945,4.304670980212379,2.4060933119477124,False,5
1.454398595250342,1.0409297744240056,0.02173152568104244,1.6425576627832827,0.03394153485819598,13.91,15.951682,2.041682090759277,3.638042240360641,1.9309559196026325,False,4
1.3454545250991718,0.9845266146294122,0.01925342990532833,0.5279726628548612,0.016571382773329365,26.28,25.722862,0.5571377563476574,1.3957028865534904,1.0261237251635282,True,1
0.9701327437755227,0.6310386026645018,0.00847033535532639,1.3836844247108928,0.018976024427764752,12.27,14.185249,1.9152493286132817,3.370273172764517,1.7001497247203847,False,3
1.615982672393966,1.1007564761197397,0.007267872454628158,0.03041680729513596,0.012136955054707743,36.23,31.609747,4.620253067016598,4.153450187602991,2.285759497299753,False,5
1.669947319072309,0.74697031810442,0.020942218017605593,1.7235679451942492,0.03409493615881983,13.84,16.499182,2.6591817474365236,4.562624522831576,2.537213626190492,False,5
0.7842917764833115,0.5945057013060167,0.010637544584328675,0.01,0.011832494377210338,9.42,11.942834,2.5228339004516602,3.9416063230043403,2.136647973411301,False,5
1.1822261874975082,1.3706723736862916,0.02155292903716057,1.0490778852102975,0.012024441605896358,31.71,29.633497,2.076502761840821,2.6639430022112465,1.2714659993427062,False,1
1.4601423167767704,1.1057622243008567,0.030855005284517685,1.7511100377237225,0.01618144687583615,27.44,26.99296,0.4470400238037122,3.42627892670619,1.7465903701763152,False,3
0.6096686399724959,0.7534656194687461,0.018725261109489296,1.7442616732003038,0.017047073914410432,9.06,11.270135,2.2101349258422847,3.5990091721339814,1.9942196215171601,False,4
1.4244341427628244,1.0362556792051405,0.011468594598485454,0.38531212570908524,0.024871894891098232,18.79,18.767982,0.022017517089842897,2.5541075252617067,1.0625078104182895,True,1
1.3071416168817014,0.9412122309829118,0.012772829236634033,1.2576460559210416,0.01108522504151218,24.8,24.324501,0.47549896240234446,2.7224008875352292,1.0054352422746557,True,1
1.6231520036149951,0.7192793959037773,0.009320430664530172,0.7700036480837111,0.021067619850627103,21.76,19.247978,2.512021789550783,3.385880327179496,1.8858735281647607,False,3
1.1099042873794946,0.9429273621544698,0.034573300130504594,0.7452863654685113,0.019883344092974577,20.12,20.711224,0.5912236022949209,2.646953900992543,1.6772873605674885,False,1
1.0063785263226368,0.6104259487229898,0.023138882894464113,0.18359540921645134,0.024428310325656687,12.07,14.410976,2.340976409912109,2.7964462480977543,1.4268397633366123,False,2
0.5620596731170074,1.4326504623959588,0.019611983240184323,1.6378473371021425,0.019815440838327814,15.02,17.512442,2.4924416351318364,3.916273416225831,2.160321364270045,False,5
0.5734360110169938,1.2895475426477634,0.0247103068202663,1.3877880737977013,0.018466394957096503,13.64,17.541405,3.901404724121093,3.2140814325749734,1.517939052752379,False,3
1.2653169672055522,1.3201286986002936,0.02422322554746937,0.44389102720996954,0.025137703082582497,18.62,18.555672,0.06432830810546974,2.432765253755604,1.2138801007510005,False,1
