run_id,rain_mult,imperv_mult,surf_n,infil_min,pipe_n,peak_discharge_cfs,total_flood_vol,num_flooded_nodes,continuity_error_pct,status
0,1.2827616703223104,0.9934733458722975,0.02540737327904337,1.100677632715728,0.01981242126078027,22.98,0.001,1,0.014,ok
1,0.8200390042373812,0.9954866323576116,0.012186129556399476,1.490928470465241,0.028652885334359966,16.02,0.0,0,0.0,ok
2,1.3234067231612279,0.8296878820133816,0.016979533125436933,1.2801139913215145,0.019077150260444563,21.89,0.0,0,0.029,ok
3,0.7732364180451443,0.857734498255581,0.01384757494426804,0.18969986960122154,0.02074199675283336,13.15,0.0,0,0.025,ok
4,0.7435870596158634,0.9743745688382441,0.02346511347507299,0.08510994874816563,0.015340421427111197,14.11,0.0,0,0.029,ok
5,0.9364885780674368,0.7774399347955275,0.029542335456900083,0.2815525604730041,0.014964044139776787,14.31,0.0,0,0.029,ok
6,1.2604083805505475,0.9904389883210789,0.022273618636390748,0.6202256668524989,0.01630215687917152,24.69,0.0,0,0.024,ok
7,1.2516968458254651,1.2542440941935975,0.019911923212803412,0.6293419628877525,0.015800547068202064,28.02,0.001,1,0.023,ok
8,1.1537005569298042,0.9126007861647306,0.017053389926123916,0.8639941367399921,0.013894374127546983,20.96,0.0,0,0.031,ok
9,1.3163123770280052,0.8615350259451637,0.017335043532050648,0.17272076303847256,0.018860689405622848,22.57,0.0,0,0.024,ok
10,0.9284801468760397,0.8715911652762988,0.019330096873654917,0.1669719325158831,0.0215752037156122,15.7,0.0,0,0.024,ok
11,1.4299508335503648,1.079849301069354,0.02773638783455379,0.42079458870542974,0.017607647857205633,25.49,0.004,1,0.016,ok
12,0.8573305552611352,0.9298346845526282,0.027774521027953716,0.6219815033134936,0.027923880703839978,15.24,0.0,0,-0.009,ok
13,0.8943142729589472,1.1361289514071056,0.02295844989627362,0.14561062827975296,0.01425140473920917,19.68,0.0,0,0.03,ok
14,1.2308566645234889,0.8123097656275304,0.02031557068321581,1.0440215754909905,0.016127784495815815,19.93,0.0,0,0.029,ok
15,1.1699497857727648,0.8328476874906799,0.019486847172440376,0.9792846067582104,0.020394211868053957,19.34,0.0,0,0.028,ok
16,1.3389370983354763,1.095512335766272,0.013059067225382689,1.4212157785322677,0.02619913694122091,17.94,0.02,1,0.006,ok
17,0.9094559234227589,1.0135331687792843,0.016872448665250447,0.4874323118408025,0.01941696029854607,17.64,0.0,0,0.026,ok
18,1.384556300635659,0.7759644155499067,0.024739046061528186,0.6433950384443202,0.02976054254061238,15.9,0.007,1,-0.007,ok
19,1.2237915478510097,0.8411658248673359,0.014226669303065986,0.5368577828838506,0.024567447888747117,19.0,0.001,1,0.015,ok
20,0.7449462708948678,0.8143603514394271,0.013953896941464539,0.5865893885056916,0.0130604074656493,12.16,0.0,0,0.032,ok
21,1.3916529756973457,1.1314607661974274,0.019273654820649883,0.4586204662097549,0.021871701108931333,21.05,0.015,1,0.012,ok
22,0.7088707579362662,0.9673571639622458,0.018854373648282276,0.0599202632500685,0.021177282634248305,13.35,0.0,0,0.024,ok
23,1.0490294171454522,0.8418897765641977,0.028756660407673863,1.049246930184652,0.028494162264053307,16.57,0.0,1,-0.011,ok
24,1.3646654432497396,1.2008201840781343,0.014454791115796683,1.1681941585337052,0.022740418661393248,20.34,0.021,1,0.005,ok
25,0.7008096146892088,0.7956041665452006,0.011564508080823089,0.9371001313936046,0.011585669506257246,11.23,0.0,0,0.032,ok
26,1.138127051250341,1.1296898558579478,0.021655919676691386,0.602894077566849,0.016601545211323704,25.21,0.0,0,0.022,ok
27,1.3607635138063525,0.7384497289441102,0.02758767246939617,1.3382300678409742,0.017722856260002945,19.57,0.0,0,0.028,ok
28,1.203221346670659,0.9394111516067746,0.02559436259471095,0.8313419886481094,0.015656007402759835,22.15,0.0,0,0.029,ok
29,0.915572838939053,0.9684021172031889,0.01588221444870608,1.4494271567651154,0.017877178740964547,17.58,0.0,0,0.028,ok
30,1.213877932921289,0.7613246070737922,0.020608670534618054,1.3649932951837367,0.029653874121836853,15.96,0.002,1,-0.013,ok
31,0.7821244158511362,0.7284625194593931,0.015952941939881705,0.912091715618568,0.013630791395307127,11.41,0.0,0,0.031,ok
32,0.8838276144864705,0.8033007857858349,0.025241251868345995,0.3630915035870891,0.02177091560616312,13.81,0.0,0,0.023,ok
33,1.48820652434582,1.230604252308241,0.026245286444061558,1.455580297210814,0.022059789822987348,20.9,0.029,1,0.009,ok
34,0.8963345314589758,1.275381931444922,0.01866627332655843,0.505485473646858,0.025699744902931882,18.25,0.004,1,0.0,ok
35,0.9047281430089722,1.1794778835279964,0.011684289728565878,0.6593141359278608,0.019369552895260635,21.18,0.0,0,0.025,ok
36,0.7289747320145943,1.0757278640323626,0.016148283382305315,0.8668838057496907,0.027766663527579782,15.25,0.0,0,-0.007,ok
37,1.3293413419789315,0.9611516107253515,0.02741241026661366,0.6104343101270878,0.02455602650039493,19.01,0.007,1,0.006,ok
38,1.319301098959146,0.8317108353099931,0.022775335198568364,1.0335897732508377,0.013844175195968268,21.78,0.0,0,0.031,ok
39,1.3045131707069475,1.109680740650175,0.022708766642448176,0.7106303394694278,0.020070207700429797,22.72,0.006,1,0.015,ok
40,0.8683561522588141,0.8200338082887269,0.022646971834924312,1.3052826972426015,0.017345470421067086,14.02,0.0,0,0.027,ok
41,0.7124325503520018,1.1390418133386562,0.02868224897040271,1.3952466857365773,0.023558759462598413,15.0,0.0,0,0.021,ok
42,1.0060891801029714,0.944102660068935,0.029954408525236915,0.7900680388740714,0.027616814529074597,17.08,0.001,1,0.0,ok
43,1.1292176255937352,0.7790427306981312,0.027335297355461287,0.4910100686020811,0.020370892028634652,16.94,0.0,0,0.019,ok
44,1.3379184820931505,1.0438136991455782,0.02495881115991498,0.16322869255456376,0.022389115043378482,20.62,0.008,1,0.01,ok
45,1.2393203065131009,1.0395701686103365,0.023138902474391577,0.4599614721761249,0.01718997589865747,25.31,0.0,0,0.021,ok
46,1.4373754566446977,1.0330970628168203,0.022553283187338558,0.9733714765956204,0.015182545117579192,29.03,0.0,1,0.026,ok
47,1.2779130225350193,0.7522391420781336,0.017278178988928417,0.18334827332646675,0.0243718525281229,18.95,0.0,1,0.016,ok
48,0.8650729142161876,0.7122438194940097,0.015665159651805274,0.24276076818726272,0.0220349713988134,12.22,0.0,0,0.023,ok
49,1.2666116176739584,0.8660762714111936,0.0222323222803676,1.0552148662741192,0.018355816480717806,21.75,0.0,0,0.033,ok
50,0.9789569103590721,1.0541590112418973,0.0192287519184811,0.36828126526744104,0.01961700683020609,20.29,0.0,0,0.025,ok
51,1.3580063771516104,0.8454201174838913,0.019203999432965545,0.74580697931483,0.018273411520777254,22.86,0.0,0,0.021,ok
52,1.2741661228092918,0.9774104029714523,0.012888207282390884,0.5019827713943837,0.021263003122045477,21.59,0.002,1,0.015,ok
53,1.1509351492436235,1.1508583359011946,0.026840162690982702,0.05836507881537047,0.020157196375379216,22.63,0.002,1,0.018,ok
54,0.8999113673453372,1.195390430234877,0.029921971486560166,0.8370856829332782,0.018384132847981616,20.28,0.0,0,0.02,ok
55,1.0897701912690687,0.9852184106836575,0.029676828002993157,1.0276624856675196,0.019137656998180756,20.78,0.0,0,0.016,ok
56,0.8983304399007795,0.7657822019084841,0.011295003694898033,0.46977677603008655,0.023860293159233773,13.56,0.0,0,0.021,ok
57,1.1153339801188749,0.8883408950560869,0.016267802662738536,0.7154811164487189,0.016886136467689657,19.73,0.0,0,0.029,ok
58,0.8522664663139383,0.9987376457602419,0.013434856008977312,1.4301125718894183,0.022215944151839286,16.86,0.0,0,0.011,ok
59,0.7801557549697158,0.8464245151832961,0.014275523016549604,1.381739515131763,0.02606158563551217,12.9,0.0,0,0.018,ok
60,1.074753605832675,1.109038537349904,0.01987162941463399,0.7851087536764478,0.018681412258523343,23.37,0.0,0,0.02,ok
61,1.1232595210150504,1.2743378926046796,0.01466169659569299,1.2672272563792477,0.02380068880038375,19.54,0.013,1,0.005,ok
62,1.220835396361562,0.7438997327576861,0.014753162342259901,0.9247342157506663,0.025312077086906602,17.99,0.0,1,0.008,ok
63,1.28187600709694,1.2995446431043278,0.019371941752872674,1.1627390582237433,0.014763943398784816,29.91,0.002,1,0.031,ok
64,1.3945338431687389,0.7570229074860398,0.02975952227420982,0.3964472391094929,0.0225577547014266,20.45,0.0,1,0.007,ok
65,1.4909558602551038,1.2522347298064636,0.018427756553509502,0.9645645388751238,0.017031050086661066,26.24,0.015,1,0.013,ok
66,1.3980241709403036,1.1533571144882493,0.025945597671104895,0.9929039147018549,0.02167298009218254,21.22,0.016,1,0.013,ok
67,1.187016992415133,1.1978858851021241,0.023018422806125684,1.070554969665412,0.018602434286737378,24.29,0.002,1,0.016,ok
68,1.0181801473119396,1.1536493437049091,0.011577566401308765,0.20777832218704756,0.013212260284024077,23.41,0.0,0,0.031,ok
69,0.881127816257627,1.0372647675246192,0.02216237143255411,0.549988779903461,0.01882438813049255,17.71,0.0,0,0.027,ok
70,1.2062141348799615,1.1425944504350887,0.022606531876764046,0.8893399515093019,0.018468292564186712,24.45,0.001,1,0.015,ok
71,0.731163789159179,0.957083291931992,0.02069762870077254,0.12687275567483125,0.01489121544922214,13.72,0.0,0,0.03,ok
72,0.8153100220228958,0.9470563196937987,0.022813550064495793,1.3895456438654588,0.021121001195168458,14.92,0.0,0,0.024,ok
73,0.9441302267187354,0.8958708143006298,0.013672493206294272,0.06353245050084812,0.02342986207120026,16.79,0.0,0,0.024,ok
74,1.2155799485646868,0.8112753580709078,0.020296160703324663,1.1278881240574077,0.01802401075735225,19.17,0.0,0,0.028,ok
75,1.1045635466039325,0.924476647043949,0.014251359646586446,0.6346883725139455,0.02742627194307026,17.2,0.002,1,0.0,ok
76,1.1839152110955953,1.265276632015794,0.027538348543231443,0.7881098282640389,0.017369698340007726,25.8,0.002,1,0.025,ok
77,1.234421389528121,0.7171386877167956,0.016929854602919854,1.0269564121260706,0.02301367972019075,17.63,0.0,0,0.011,ok
78,0.870180681785614,0.8186536939859979,0.02408764619600117,0.4395103205411942,0.024413532497936232,13.74,0.0,0,0.02,ok
79,1.244873091261053,1.1454095205865644,0.012508776357036924,1.3217702105627842,0.02736119206317142,17.24,0.02,1,0.007,ok
80,1.4675169161736918,0.7252978697253814,0.016328310826653602,0.31937929360811124,0.012406112683002173,21.43,0.0,0,0.031,ok
81,0.7049932799611076,1.2972593098745633,0.019746197929972883,1.302491383357573,0.014686034020241979,17.57,0.0,0,0.029,ok
82,0.8381349044222295,0.8084198499813294,0.016126563252374604,0.05029860314319979,0.01791489801887823,13.5,0.0,0,0.027,ok
83,1.426014675107134,1.1606283737498,0.024118482818253698,1.0731252077410827,0.023049395747369025,20.1,0.022,1,0.007,ok
84,0.956549969537076,1.2267566047474063,0.02737779366630311,1.1460501920406583,0.017132974843249386,22.4,0.0,0,0.021,ok
85,0.7419176291026249,0.9649137366152472,0.02662372246396892,1.2852340273735556,0.019443563373561616,13.73,0.0,0,0.025,ok
86,1.4425155273117243,0.7962734699210747,0.016217471410208812,0.6942698573658994,0.012062474250617211,23.08,0.0,0,0.032,ok
87,1.4644771486228494,1.1738500915848333,0.018770827822372667,0.6481389544278464,0.014852059549906095,29.75,0.003,1,0.034,ok
88,0.9994381902403808,1.1894137444090709,0.028718084398506462,0.6062401796764803,0.014675711167449923,22.72,0.0,0,0.029,ok
89,1.4508641524843497,0.9748237542581215,0.02355476134297287,0.47904194908652525,0.02564458025914275,18.29,0.016,1,0.004,ok
90,1.3111322391174718,1.28213902514636,0.011315036025166175,0.4815979292453747,0.014378514601778681,30.68,0.001,1,0.031,ok
91,0.8373063468337915,1.025223967384535,0.021774574695586576,1.43972616524981,0.028113816482999904,16.48,0.0,1,-0.006,ok
92,1.270284138960066,1.268625843694402,0.026278051070764794,1.1917261063657072,0.01728603534579931,25.91,0.005,1,0.016,ok
93,1.3276803584886574,1.1936209202137056,0.02586025741243157,0.4990695269292318,0.015768682595939016,28.02,0.001,1,0.034,ok
94,1.1409535449748147,0.9382309975246208,0.026879469734004485,1.316911125631369,0.01216743312926031,21.11,0.0,0,0.031,ok
95,1.4627124726339826,1.0930865161435823,0.024542782473212607,0.06845957555948703,0.02622235118592975,17.92,0.027,1,0.0,ok
96,0.760145947024914,0.9901388457679636,0.021883644362560455,0.65228058135718,0.02315862972629746,14.4,0.0,0,0.021,ok
97,1.1281305599293492,1.0618310407898919,0.025013427471008237,0.4659398719939458,0.015500500667783586,23.17,0.0,0,0.021,ok
98,1.2364767965102232,0.8744224618213585,0.0149652075438522,1.4439829789597103,0.011426077575564533,21.8,0.0,0,0.032,ok
99,0.9183213689862405,1.0606822981657842,0.01302821152572424,0.15335409373009426,0.01911251590870494,19.29,0.0,0,0.032,ok
100,1.3660212708984285,1.2893363165359317,0.014460999826502782,0.08043946451696901,0.018998229545639858,23.85,0.017,1,0.012,ok
101,1.0395202073427778,1.178422659169907,0.019594179470230885,0.6865669892250995,0.025967597444475257,18.08,0.007,1,0.013,ok
102,1.2342847053646833,0.9629896081467526,0.01855988841915754,0.8698862268352124,0.01235530305846094,23.66,0.0,0,0.031,ok
103,0.7029232088876934,1.0644233279562376,0.026513777682464445,0.1630574197536758,0.02658656740986821,14.1,0.0,0,0.0,ok
104,1.3402295231622807,1.0271532861121702,0.029652162709835693,0.41075756281695924,0.011261452442877134,26.93,0.0,0,0.03,ok
105,1.2546161290222746,1.195649884982919,0.01396417235004182,0.1289608958150717,0.01372418346262301,29.94,0.0,0,0.032,ok
106,0.7100997359213342,1.1719535123614193,0.02671726201558378,0.5904414229597001,0.02331159234949092,15.53,0.0,0,0.02,ok
107,1.3876655077462363,0.9969698940364393,0.027067777450438184,0.5338188700831581,0.01161422043695909,27.2,0.0,0,0.03,ok
108,0.7064173871957062,1.103732836686366,0.025484115350226495,0.3748280671734538,0.021330619356234384,14.69,0.0,0,0.023,ok
109,1.108882807018793,0.9215289127409897,0.021142958127221445,0.10000954249889524,0.015239516396961741,20.29,0.0,0,0.03,ok
110,1.0080490769052952,0.7814191924314241,0.015477124787215225,1.0942693994957469,0.016470303334618977,15.73,0.0,0,0.029,ok
111,0.95562743634409,0.9168495288036226,0.02713137249338874,0.38469930899825705,0.015389254980917675,17.09,0.0,0,0.029,ok
112,0.818265415464709,0.8641075990551331,0.026129943641379022,0.8920509927686125,0.015611332336094897,13.82,0.0,0,0.029,ok
113,0.8349276747914378,1.2450845163771527,0.020231791877694583,1.3104368356836955,0.025419497957460055,18.43,0.001,1,0.013,ok
114,1.3746584696267243,0.7001866253520553,0.025763662244673684,0.6770709799905678,0.029169623410358513,16.23,0.002,1,-0.009,ok
115,0.8511923336273544,1.1165085373073544,0.014625689290259593,0.3984342045333822,0.01896705754976752,18.26,0.0,0,0.026,ok
116,1.1216018928663496,0.7665623067507945,0.028324010770795948,0.09814419773056554,0.013283141168443036,17.07,0.0,0,0.031,ok
117,1.2461906684154163,1.0081869921010758,0.011823123485846835,0.34234435127197815,0.018789056720991654,24.08,0.0,1,0.023,ok
118,1.4009160632663935,1.2382621512060918,0.01592831366724801,0.6804644161444825,0.029847722050660865,15.85,0.046,1,-0.008,ok
119,1.2643551646294386,0.8263563598411613,0.011203916748623368,0.9896527627521267,0.029140426407032995,16.24,0.005,1,-0.01,ok
120,1.4144359906021957,0.7146862809241792,0.028179673540865365,0.13200998175451678,0.012559397973505124,20.19,0.0,0,0.026,ok
121,1.188348791726819,0.9041598382740856,0.02338366404529502,1.347076000841318,0.029527276629417957,16.03,0.006,1,-0.013,ok
122,0.9727150339161419,1.1912150771086212,0.014573147025565187,0.5227447235638483,0.025353047326671457,18.48,0.004,1,0.016,ok
123,1.1644259944040993,1.2631000197544777,0.015128833271270103,0.15984077765289376,0.028174444015509142,16.78,0.024,1,-0.008,ok
124,0.9531562509959532,1.1818123603098198,0.025136549473559193,0.9389515769770383,0.020310839154795195,21.59,0.0,0,0.022,ok
125,1.0225414783964895,0.709847581419328,0.02080077686765215,1.3736891610406006,0.013667521728094541,14.53,0.0,0,0.031,ok
126,1.079320477332448,1.1742129002912591,0.028630595112366358,0.6724191632102104,0.014456149458052073,24.19,0.0,0,0.029,ok
127,1.1734251483342168,0.7159896332455989,0.019674896188540153,1.0801562100200204,0.022633112651173883,16.69,0.0,0,0.01,ok
128,1.0940169096504375,1.1226389540894721,0.026084139379026712,1.2122198480637203,0.015422367884611739,23.76,0.0,0,0.021,ok
129,1.3306269995126003,1.0947945998500723,0.02925844408499958,0.6918358665418433,0.020954874923013112,21.87,0.007,1,0.011,ok
130,1.0049578311079146,0.9413252381423396,0.026212478713263477,1.2789107907462542,0.020771594317073986,18.41,0.0,0,0.017,ok
131,1.3490431497225448,1.0457759863946272,0.017562640141257482,1.3184880712724387,0.023220916277425584,19.97,0.011,1,0.014,ok
132,1.181160279918792,1.2845361309253938,0.021062871440086298,1.4475540463854162,0.013153006776335264,29.75,0.0,0,0.024,ok
133,1.4972517773637735,1.1406310820728285,0.022666047751937462,0.48414055003466766,0.02082649820585701,21.99,0.019,1,0.02,ok
134,1.2117810859551525,0.9513101536844524,0.02506009195858401,0.69756744507065,0.013561381912064291,22.66,0.0,0,0.03,ok
135,1.142572209451325,0.9581016414876573,0.016681117169347046,0.44691033595139207,0.01953611561839843,21.71,0.0,0,0.027,ok
136,1.4502925333298435,1.0981576251547733,0.012937328586322003,0.1385854882421495,0.02450388746993183,19.04,0.024,1,0.004,ok
137,0.9266507320601937,1.2934955418741936,0.020121550047631907,0.6742193069474328,0.021391447447796093,21.47,0.001,1,0.015,ok
138,1.2659447345998212,0.7217236038414724,0.011067066309558534,0.9509565060815015,0.027951455537051927,16.9,0.001,1,0.0,ok
139,1.3567527327115438,1.1611092184606986,0.016487551697821776,1.1733050262938725,0.019842623434922435,22.95,0.011,1,0.014,ok
140,0.9300138047013973,0.9876130091833977,0.02171009322056483,1.0566644883406566,0.018171236616536496,17.97,0.0,0,0.028,ok
141,0.7231016169689369,0.7110496306898303,0.011654214683843723,1.1420286798501058,0.022799902222273703,10.21,0.0,0,0.02,ok
142,1.104808477201704,1.180390483027625,0.02985504373916152,0.9550825934892643,0.020204071586223286,22.58,0.001,1,0.015,ok
143,0.7557037130480743,0.9429253951195149,0.024296128022022048,1.2342065258329644,0.026277696721728864,13.65,0.0,0,0.014,ok
144,0.7487796286971198,1.2286804330085586,0.02893463797544611,0.3894166538852452,0.026386085898003054,16.97,0.0,0,0.0,ok
145,1.4711342734507122,0.734504720066194,0.029427509843511102,0.9679801582570059,0.02150638866355223,21.22,0.0,1,0.026,ok
146,0.9602998880815543,0.9243388474209101,0.01202175918600653,1.3915849373038294,0.02935169991886859,16.12,0.001,1,-0.012,ok
147,1.4380828964390242,0.7417515753501702,0.02930452128038622,0.7274570352461835,0.02390416883394337,19.47,0.001,1,0.02,ok
148,1.3143973428677205,0.8942655155548015,0.027003214946577845,1.4709964241187155,0.02557268964047911,18.33,0.005,1,0.004,ok
149,1.4464167967895885,1.1928002870067873,0.019305609573234433,0.9467363147011728,0.021988034259163833,20.96,0.024,1,0.011,ok
150,1.4291834423305356,1.1988130114708389,0.02725478565158492,1.240508396138402,0.012646036182408964,33.49,0.0,0,0.026,ok
151,1.1636347953992585,0.8400031171095341,0.02232664538453161,0.2702591490594438,0.014554490755000895,19.38,0.0,0,0.03,ok
152,1.2620615071334451,0.955419455186131,0.012480199787239792,1.2095992044222483,0.014195084718645834,24.13,0.0,0,0.031,ok
153,1.0279851843490861,0.9949740136302264,0.023728811226509737,0.1366791745440696,0.021236434327108124,19.95,0.0,0,0.024,ok
154,0.9396133777460174,1.0161169455394832,0.023745572575454885,0.5985366375340396,0.029999819827069348,15.77,0.002,1,0.0,ok
155,0.9098346088650522,1.2128570570962878,0.016617815747528013,0.5436584815744077,0.028067491321411956,16.83,0.005,1,0.007,ok
156,0.7683931784259933,1.2292974475829168,0.02458673061764865,1.0400500690824332,0.01404058331772253,18.02,0.0,0,0.029,ok
157,1.1202215422741773,0.8826242087850158,0.023793900833522515,0.8422822807854997,0.02070517211108322,19.45,0.0,0,0.022,ok
158,0.7220538308876393,0.7943031686874529,0.024667929845894186,0.618173485660067,0.02395686627873621,11.08,0.0,0,0.018,ok
159,1.3698456341513485,0.979577159022619,0.02729571146521189,0.28279696836953244,0.014165092533044023,26.48,0.0,0,0.028,ok
160,1.4956182713816681,0.882019416194644,0.020048179260629528,0.7471778914107176,0.011565210999013628,26.36,0.0,0,0.031,ok
161,1.1765700501416712,0.8287682854876843,0.0141854281304152,1.426028851165412,0.02631431256991471,17.86,0.001,1,0.008,ok
162,0.9079935878324266,1.101980104237723,0.024300262785886637,1.269204547381011,0.024219177420930296,19.08,0.0,1,0.014,ok
163,1.0329643164803934,0.9029435436398467,0.02317762438430177,0.2975968031134038,0.02337761888672297,18.26,0.0,0,0.02,ok
164,1.2599191684858049,0.8504865188693309,0.028012799302658296,1.245775498964685,0.02521822268327998,18.56,0.002,1,0.009,ok
165,1.197570943129737,1.0148851434703772,0.0120932113394919,1.219065723356079,0.01433436074875065,24.27,0.0,0,0.031,ok
166,1.0910227677868234,0.9177357509918924,0.025994945672997746,0.8948348997855606,0.025374420753880814,18.45,0.0,1,0.007,ok
167,1.193492899527489,0.9702898933153783,0.015484630151112268,0.8201841100750876,0.022532445844028345,20.51,0.001,1,0.018,ok
168,1.3543800481952941,1.2558447657324276,0.025306231257452252,0.7941169118519544,0.0229284252654026,20.2,0.024,1,0.006,ok
169,1.2089765497253193,1.2719259913119514,0.014090061899268048,0.8528668149465324,0.01571346111407744,28.08,0.001,1,0.029,ok
170,1.248514493181085,0.7069605496085206,0.018187358651298807,1.0362535100419883,0.016501938398514115,17.68,0.0,0,0.029,ok
171,1.1520483185789203,1.2091198061145247,0.02932062210211519,0.8290007471843918,0.02245635325949972,20.57,0.007,1,0.015,ok
172,1.1324132537431684,1.2211226368280168,0.02210424751505901,1.0633471919259396,0.018672024626321417,24.21,0.002,1,0.02,ok
173,1.4473536427345952,0.9521613129528148,0.018607672297438902,0.07291039881623389,0.013538232900050906,27.6,0.0,0,0.024,ok
174,0.7500102394158277,0.7587722318865017,0.021222789463919124,0.11560628042696852,0.01640666612371975,11.25,0.0,0,0.028,ok
175,1.3417798862584192,1.0427264441342199,0.023261872965433212,0.14973465072619507,0.016639922403797573,26.61,0.0,1,0.024,ok
176,0.7873453760358002,0.9080778702929588,0.018374455507956473,0.07474384325578287,0.011372523797131476,14.24,0.0,0,0.032,ok
177,0.9665964704273872,0.8903270716208882,0.021179017869665005,0.3366276726483918,0.01146798664121104,17.14,0.0,0,0.032,ok
178,1.4066568355932656,1.1512541219297732,0.02839474332367637,1.160413118935196,0.014923366826605989,29.57,0.001,1,0.025,ok
179,1.4169903423169314,0.7476662639717542,0.015020320652137471,0.29306127820887384,0.024736163532548074,18.88,0.001,1,0.016,ok
180,1.411250533374005,1.1580886721921746,0.015216283421554401,1.0230036751130538,0.016739545370789845,26.64,0.005,1,0.024,ok
181,0.9853559692787957,1.1254053921320457,0.020115793701186872,0.9888679347574062,0.028544798589916164,16.57,0.006,1,0.006,ok
182,0.7995763143158284,0.8777479470432824,0.025329737609564473,0.7576447510360729,0.015978670066042026,13.72,0.0,0,0.028,ok
183,1.1576752013875713,1.2363138134313965,0.026954763845634742,1.2555170470732195,0.022150989866345547,20.82,0.008,1,0.011,ok
184,1.3814448353780713,1.1693850436506374,0.028228563265195062,0.7560271432333237,0.025889718169712042,18.13,0.026,1,0.005,ok
185,0.7635947912409596,1.0814076255700213,0.027839626540003798,1.0865057392058226,0.011998065081754253,15.82,0.0,0,0.031,ok
186,1.2867263474193438,1.261154496835494,0.02512061551135179,1.2425959565819422,0.019938650586468366,22.85,0.011,1,0.012,ok
187,0.9316690983559774,1.2316701533719143,0.01452941509717714,1.4626012459609714,0.015936184965465307,22.22,0.0,0,0.037,ok
188,1.174776736302158,1.2173842257567185,0.020683179301250847,0.5592006529992012,0.02781690534660212,16.98,0.02,1,-0.004,ok
189,1.294807585643163,1.1131477057583967,0.028409649283322715,0.11126373209441884,0.01292510575846201,27.85,0.0,0,0.026,ok
190,1.4351506393691396,1.1653019123153612,0.016462697732941095,0.11043236321772942,0.024606279277589314,18.97,0.028,1,0.005,ok
191,1.2265792178742312,0.7482671695440067,0.011854328862191066,1.0113772370450156,0.016717869664685064,18.43,0.0,0,0.029,ok
192,1.2767414911782766,1.0822785242983628,0.0222049933163501,1.3778355748266813,0.02183181451079786,21.09,0.007,1,0.012,ok
193,0.9488287507846618,1.0480561533701138,0.013425784078647016,0.8110921919990843,0.019694106744372643,19.75,0.0,0,0.028,ok
194,0.8771949046301974,0.7203639345054865,0.013807479774191871,1.1986411396178756,0.02086778174632367,12.58,0.0,0,0.025,ok
195,1.2046269932609366,1.199841983041613,0.029490782852680676,0.1035575303350964,0.017072884920104617,26.18,0.001,1,0.018,ok
196,1.2168182337623685,0.7374180305575553,0.028869818643956203,0.26324059803865957,0.0169981906693592,17.75,0.0,0,0.028,ok
197,0.9161269346267622,0.9767903355191419,0.015558095945791516,1.1713070293372492,0.026929810632841156,17.38,0.0,1,0.014,ok
198,0.7566036660080189,0.8334989936983062,0.028829841855413228,0.8874853316278664,0.027722896233988457,11.95,0.0,0,0.008,ok
199,1.0560992166353274,0.7700331836208829,0.025553912266641703,0.8997192313546075,0.024821325937333362,15.96,0.0,0,0.015,ok
200,1.2503006990295358,1.2778500855501562,0.020267096857827082,0.8789582525405429,0.01439597325310485,30.62,0.0,1,0.023,ok
201,1.4993713161734876,0.979693777059814,0.02835387205320489,1.4021940776276869,0.015884478221654112,27.79,0.0,1,0.024,ok
202,0.7325440779181931,0.7976803655719408,0.025194034209035158,0.8476448228255891,0.011518976881575311,11.5,0.0,0,0.032,ok
203,0.9685164231980011,1.0111862871269444,0.016819851712670298,0.4645832641541742,0.011172913957839937,19.59,0.0,0,0.032,ok
204,0.8873720196965003,0.8911004576572925,0.01890431130677309,0.640058899946368,0.015952920162685555,15.66,0.0,0,0.029,ok
205,0.8419160315501792,1.2112629572804008,0.02854207925143485,1.297758318933209,0.022308680672243474,19.14,0.0,0,0.019,ok
206,0.8447010897118992,0.7819362609579741,0.028460660502233445,0.4359694496519624,0.016152066562458742,12.92,0.0,0,0.028,ok
207,1.2317646851229707,0.8351891650800399,0.011250490046607222,0.5794238546861227,0.011147219333304132,20.82,0.0,0,0.033,ok
208,1.4950532421135057,0.7843990120922238,0.013635090325942963,1.1471775618287907,0.029961248875076976,15.79,0.012,1,0.0,ok
209,1.0210775250517252,1.202562628183289,0.027196430245943325,1.1379041718359513,0.025734626145665407,18.23,0.006,1,0.013,ok
210,0.9693314413458431,1.26264476463585,0.013307544204027135,0.7020979019609231,0.02805122621086923,16.84,0.011,1,0.0,ok
211,1.305320421524241,0.7853076077077776,0.021214304148498883,0.2224279707986429,0.024273347138152747,19.2,0.0,1,0.016,ok
212,1.1336753240504231,0.8528679274205354,0.014904305936620958,1.1530861133449497,0.018511821335856236,18.78,0.0,0,0.027,ok
213,1.4920381945748933,1.0103203886378036,0.02921395374661108,0.3167326400111944,0.025804797665046876,18.19,0.021,1,0.0,ok
214,1.0025998278186838,0.73166772706668,0.014555130170316953,0.44748578125163635,0.014273548593706404,14.75,0.0,0,0.031,ok
215,1.1106844549218833,0.9537465419175504,0.019797386678268483,0.3787666127496669,0.027479303771855566,17.17,0.003,1,0.01,ok
216,1.3444092719987746,0.8489047937976933,0.020350892769019056,0.7116543636312902,0.027188828231630945,17.34,0.006,1,0.0,ok
217,0.9868080135587525,1.0182823993257255,0.01879902157650542,1.2231062378702673,0.018126654816608457,19.35,0.0,0,0.027,ok
218,0.9380156379581616,1.049626216966769,0.02558100583482811,1.0613523556118631,0.019869733467784347,19.04,0.0,0,0.015,ok
219,0.8337440281788399,0.7453373720694464,0.020924989871363393,0.1403043472340463,0.017263627418252245,12.32,0.0,0,0.027,ok
220,1.46158798874752,0.8279966440377647,0.024877694588244133,0.8247663957879205,0.022964743495335588,20.17,0.003,1,0.017,ok
221,0.8891610625581071,0.7682611549992286,0.023867177621574052,0.24720403240646538,0.017224681548717223,13.47,0.0,0,0.027,ok
222,1.4053536582678758,0.9022926396009439,0.025796452596013143,1.0129945877310016,0.026732728796469745,17.61,0.01,1,0.0,ok
223,1.0358885749814537,0.8990344029791825,0.02388995195699195,0.9076151667584145,0.026128375735738757,17.88,0.0,1,0.013,ok
224,1.1613384747884334,1.0034657862371432,0.024154363887172885,1.2268885664979765,0.012997907175002172,22.91,0.0,0,0.031,ok
225,1.257516504114305,0.7905990806211036,0.015381925809206623,1.0660072084688792,0.012444302403789933,20.02,0.0,0,0.032,ok
226,1.3784009249452414,0.8373802487168371,0.024866382434695487,1.4833892544329907,0.017764886765027767,22.87,0.0,0,0.019,ok
227,0.8930906777797936,1.057046549336995,0.021851858476857014,0.9778508844517849,0.012760453951613508,18.54,0.0,0,0.031,ok
228,1.2258346596878904,0.7878550433504422,0.024458379437139285,1.3555184307188664,0.025462166692074482,18.38,0.0,1,0.005,ok
229,1.2386855269084145,1.2331014150643997,0.029779547201513976,1.156375353405465,0.019174064821257622,23.65,0.005,1,0.013,ok
230,1.2725697460862744,1.2269451174644095,0.017912348381147067,0.33375477598604164,0.016337714079495587,27.21,0.002,1,0.02,ok
231,1.2198919704317,1.0479366314783198,0.020917980287721703,0.8578346816868867,0.013858564292510894,25.16,0.0,0,0.03,ok
232,0.7703442586395521,0.736417290872241,0.019556721161938184,0.8557127975391241,0.013502419178076786,11.31,0.0,0,0.031,ok
233,0.9706227184422072,0.8646122504680599,0.01268952021288196,1.2134243203500474,0.026652475269057868,16.6,0.0,0,0.0,ok
234,1.118568829571298,1.1755146429326724,0.02782421682554569,0.1841182461481427,0.02500284121303315,18.71,0.008,1,0.004,ok
235,1.106799574419283,1.2550423844345713,0.02808601963507157,1.003464351272212,0.020644081585025467,22.16,0.004,1,0.01,ok
236,1.1483976147030859,1.1666573075823592,0.014074732670695783,1.493688755041436,0.02402733683256475,19.38,0.009,1,0.013,ok
237,1.388283027803509,1.102721792051831,0.0264663652386203,0.23230208735240726,0.02484516548662364,18.81,0.019,1,0.003,ok
238,0.771282032788478,1.2467284981879634,0.020808746800435943,0.20377077262709764,0.02373483135956658,18.37,0.0,0,0.014,ok
239,1.3620923189135437,1.2205350424945491,0.028949069192594386,0.7248616576132493,0.019560080445030336,23.24,0.012,1,0.018,ok
240,0.9470937269587045,0.8673389094778114,0.011614515216856126,1.4080394549619462,0.013050990044930101,16.56,0.0,0,0.032,ok
241,0.9655208653805664,0.9092781298570528,0.015161524701126354,0.9279454644995053,0.018318091068682037,17.45,0.0,0,0.028,ok
242,1.3355873434900274,1.0410080662184105,0.01850267352342018,0.1706824285055144,0.015169713523063184,27.67,0.0,0,0.024,ok
243,0.8799649304467692,1.2768223004577228,0.014322564384792204,1.405237708090722,0.025057488989985062,18.67,0.003,1,0.012,ok
244,1.2855982920559637,1.2049452674333911,0.026394008563086685,0.06552575678663718,0.021215465506626393,21.63,0.011,1,0.014,ok
245,0.9225755776610822,1.1434360528716552,0.02359790851324621,0.1052869283628563,0.01935773950569703,20.38,0.0,0,0.021,ok
246,1.302855714760594,0.8060970744098143,0.027180571512635882,1.1500293716732939,0.018553864493005202,20.76,0.0,0,0.026,ok
247,1.4278413488470418,0.7021516178084309,0.02907193610669766,0.983289198932398,0.02843688170305291,16.63,0.003,1,0.0,ok
248,1.4794235489820498,1.2600155233556833,0.012810291169912306,1.2533397158124464,0.015318419954306921,28.8,0.009,1,0.043,ok
249,0.9619763085162855,0.7040674179191898,0.019732195168688446,1.3350237401861178,0.020502672668405053,13.44,0.0,0,0.025,ok
250,1.059840270308517,1.2506711164524538,0.023003617595351782,1.4170032491567002,0.01893736517936003,23.91,0.001,1,0.016,ok
251,0.8090361882913115,1.1190948741820745,0.013742847263386954,1.4752744244720306,0.02445212626596227,17.79,0.0,0,0.011,ok
252,1.4423293198352893,1.0175184820429766,0.01657369040658037,1.0303489280537332,0.011700079283577091,29.6,0.0,0,0.031,ok
253,1.0315100944552884,1.2157955905676099,0.022286811902531782,0.7619539453140587,0.029791240461101716,15.88,0.014,1,-0.005,ok
254,1.111246584434327,1.0559431211665393,0.026678894049066912,1.1126042171618657,0.029501134000799182,16.04,0.01,1,0.0,ok
255,1.243486262997741,1.070568150013066,0.02087607522779393,1.23068818064164,0.013447605415687154,25.97,0.0,0,0.03,ok
256,1.4562261235335554,0.9407095967471599,0.01846960227785988,1.2632638673717802,0.025100782763123417,18.64,0.013,1,0.011,ok
257,1.3241075526085488,1.1207302096245633,0.015699488026535285,1.4377919651494628,0.021922418499243715,21.01,0.012,1,0.017,ok
258,1.1312610913416803,1.00160949590822,0.02253093283711157,0.054869924914587184,0.02801086222938102,16.87,0.006,1,0.0,ok
259,1.4817942515399043,1.1570864322781007,0.024711689619968266,0.9701029699737783,0.01182121432496216,33.8,0.0,0,0.028,ok
260,1.0148567376439037,1.1865247931073102,0.01100928949738601,0.4755534751491983,0.013932581984486898,24.11,0.0,0,0.031,ok
261,0.9753159922246,0.8768831265651114,0.01678857998895832,0.12524752962806313,0.021072070244141164,16.75,0.0,0,0.025,ok
262,0.8305720244251761,1.0576913195193454,0.024201998854059492,1.3984866054833542,0.014532535404025708,17.05,0.0,0,0.029,ok
263,1.143711329910928,1.1445247983834017,0.021106991767386167,1.202043966112455,0.01567961847719137,25.72,0.0,0,0.032,ok
264,1.171205732028097,0.7690410910715713,0.011113792021864284,1.4716187158337686,0.024705432789463647,17.91,0.0,0,0.01,ok
265,1.351393978208348,0.8231523272949303,0.029978527039396033,0.423316008814222,0.016693897644121772,21.71,0.0,0,0.029,ok
266,1.3547601473545898,0.7138040914253844,0.017135613458897414,0.9520002937349029,0.01856338396333556,18.9,0.0,0,0.032,ok
267,1.4026309726052761,0.936174868848682,0.02340341763761654,0.34905337246849893,0.01413977037041494,26.05,0.0,0,0.023,ok
268,0.9750382301345031,1.1850268445173122,0.024509692985048237,1.2373632612269585,0.02209667851673992,20.86,0.001,1,0.021,ok
269,1.0974284617112096,0.7918900247372006,0.017787940594021806,0.4431889040513032,0.02646150083483921,17.13,0.0,0,0.006,ok
270,0.9419283991065318,1.0625947397701756,0.019083192908886208,1.1337189898066111,0.027002775298259275,17.45,0.001,1,0.0,ok
271,0.8727616474311553,0.8157754510674793,0.0204823803228421,0.7758986323682224,0.017453791115394322,14.08,0.0,0,0.027,ok
272,1.1677306708147277,1.0787479191905502,0.02591048883842955,0.905383724471369,0.013262454366506988,24.59,0.0,0,0.03,ok
273,0.8495643985696282,1.074142808316574,0.021824694301141194,0.7686534245212643,0.02003092263903359,17.31,0.0,0,0.029,ok
274,1.445445103761112,0.8092632162451244,0.027438610225663157,0.7639539881527304,0.024224972149321865,19.24,0.003,1,0.016,ok
275,1.0470708235519957,1.005217996638478,0.012296886454703834,1.1066607201414964,0.02097769700738842,20.91,0.0,0,0.027,ok
276,0.9985102778277792,0.9075569213367911,0.015083685171451006,1.004118725309318,0.020273569114013065,17.93,0.0,0,0.028,ok
277,0.8599353612338525,0.9367530435956446,0.017106532935065515,1.1232813314551224,0.029580285639663046,15.68,0.0,1,-0.014,ok
278,1.2409026014367823,0.9725950291074548,0.0191655348334744,1.1953265094217798,0.029246281108755576,16.18,0.012,1,0.0,ok
279,1.0421507877264407,1.2705581222164288,0.021491201695400607,1.457754400470707,0.02968090513454403,15.94,0.018,1,-0.013,ok
280,0.9408879743122336,1.2651242593951553,0.026087187411788258,1.249699102863265,0.01923880418731643,22.63,0.0,0,0.02,ok
281,1.2131423243170554,0.9820427521661302,0.027488417129967455,0.7782848211825465,0.016217101932012742,23.35,0.0,0,0.028,ok
282,1.4730719693133456,1.1212289229515586,0.012221998123090359,0.6881641911812942,0.025283176460241943,18.52,0.029,1,0.011,ok
283,0.9579267382957328,0.9009451891671028,0.016907347167386965,1.4799931274286706,0.015029071454891425,17.17,0.0,0,0.03,ok
284,1.098872258683131,0.9658204739326338,0.015428656653399729,0.08367960977405278,0.027858259236876237,16.95,0.004,1,0.0,ok
285,1.3825735890533049,1.2878922961176986,0.011947057428760103,0.22753837745277028,0.015087049230069031,29.24,0.005,1,0.038,ok
286,0.7145109048183286,1.1048653347896873,0.013620663312676992,1.0094431823101793,0.013424178847865505,15.69,0.0,0,0.032,ok
287,0.7352388223609765,1.035737554928618,0.012614401284301054,1.0506850868982434,0.012672866676263253,15.24,0.0,0,0.032,ok
288,1.3220218233033862,0.9819410588274999,0.012134163130363564,0.7516163474117626,0.01711058527883849,25.81,0.0,1,0.023,ok
289,0.983890288456474,1.2797050614444454,0.026749585682419617,1.4952846302855727,0.028586329044438835,16.55,0.011,1,0.0,ok
290,1.0187190662069219,0.8684586533097933,0.027079162800490674,0.7693483549896832,0.012088779770521248,17.47,0.0,0,0.032,ok
291,0.8550550735063432,1.0093288852504998,0.021395362020504315,0.392357488409709,0.01554562422674981,16.88,0.0,0,0.029,ok
292,1.2683667628581352,1.034151427969395,0.019961053266723622,0.530469871055035,0.029709178708369133,15.93,0.018,1,-0.004,ok
293,1.4077234345685041,1.241878288303829,0.02402531146709884,0.6134064703394133,0.022697582824418718,20.38,0.026,1,0.011,ok
294,0.9801013284930158,0.9505745157051562,0.022433922130212364,0.31245682166314037,0.01177825711527183,18.48,0.0,0,0.032,ok
295,1.377586891336355,1.2910759990127936,0.014914197034072475,1.2897897862232555,0.023673838029931886,19.63,0.032,1,0.007,ok
296,1.3329251742996568,0.9351198090943582,0.028571467648016314,1.136838893460553,0.017473770858751295,24.43,0.0,0,0.025,ok
297,1.4775186664608824,0.9556223354784964,0.019000177806997517,0.3083994094223869,0.026827928675417147,17.55,0.018,1,0.0,ok
298,0.9639034706902812,0.8358133437446874,0.016295369018272648,0.2768329045620355,0.027665729545186663,15.86,0.0,0,0.007,ok
299,0.9197793012092053,0.782972525195444,0.013864019513170869,1.0929917464589758,0.022488823875414083,14.21,0.0,0,0.023,ok
300,1.3853250332982174,1.021647295644992,0.024627905331781417,0.451867262874209,0.012717139327474892,27.39,0.0,0,0.029,ok
301,0.7743907802964116,0.8251161122882611,0.015580531040350763,0.34517506408874316,0.028793682253974322,12.53,0.0,0,0.0,ok
302,0.7781901517293044,0.9121616996037625,0.0117361806506542,0.735132917579443,0.020656001860299023,14.09,0.0,0,0.025,ok
303,1.0163638616041346,1.0838671308896795,0.01757567022693814,0.27285217304473575,0.026420488654674324,17.8,0.004,1,0.008,ok
304,1.0643338728743064,1.1265647303751685,0.021454452628490703,1.1642944165340834,0.02491909001295398,18.76,0.005,1,0.012,ok
305,0.7525197110914303,1.052370780842169,0.025725820612808703,0.3395724647348918,0.026493609671319182,15.04,0.0,0,0.0,ok
306,1.2291066668736754,0.7034472685620051,0.011131090891707485,1.4602554182300798,0.023499342598003882,17.25,0.0,0,0.024,ok
307,0.7664302030371789,1.0890613465656787,0.013479576375099805,0.34633628802096555,0.015276966855939517,16.56,0.0,0,0.03,ok
308,1.3338871086677762,0.7729110963145428,0.016382289198666133,0.21478856882838837,0.028614235587501712,16.53,0.004,1,-0.007,ok
309,1.1473727039641353,1.0069108874603028,0.01746943233304923,1.1307898443608762,0.019767633435454457,22.75,0.0,1,0.021,ok
310,1.2885905754706393,1.0690734139578377,0.014028487344104182,0.5651291087601111,0.028395032104020418,16.65,0.02,1,-0.007,ok
311,0.8139789512162882,0.9100839959831744,0.01675707858959402,0.7325353045723116,0.019023047453488942,14.66,0.0,0,0.027,ok
312,1.008801872580266,0.8732637802183242,0.017996188380271484,0.5722650360849887,0.02233192484346331,17.42,0.0,0,0.024,ok
313,0.996862509774283,0.7539026151994913,0.013583399388893275,0.25741611816347953,0.026105216047725685,14.93,0.0,0,0.01,ok
314,1.0481482201794192,1.2369181991784504,0.02769901781727443,1.465673822181005,0.011945871030076034,24.87,0.0,0,0.03,ok
315,1.0516397157342312,0.7350483940252484,0.0195177821990455,0.5749150097804996,0.01282882934337729,15.5,0.0,0,0.032,ok
316,0.9321761615886842,1.2108227824688442,0.015620736857907644,0.6089225531960204,0.013180960622868675,22.26,0.0,0,0.031,ok
317,1.4536979114332689,0.9695864309361861,0.023328833932288504,1.104740731071685,0.018251547600996634,24.7,0.002,1,0.019,ok
318,1.4404877031522902,1.0215304655865542,0.019019926846125648,0.5041316491353279,0.028828303406103917,16.42,0.026,1,-0.007,ok
319,1.1917098728436966,0.8173696946063067,0.024445332434629992,1.1757452342156196,0.026265940954996455,17.89,0.001,1,0.013,ok
320,0.9241387437060767,1.1906319335143727,0.01146824707265073,0.23903802575951028,0.019997060257240205,21.81,0.0,0,0.025,ok
321,1.1267580682184695,1.240042577336633,0.018893945290996847,0.6635531245552899,0.024131564407456788,19.3,0.011,1,0.005,ok
322,0.8851951444001125,1.0590690506962754,0.018076669724957292,1.2176028777587509,0.016554265219938934,18.49,0.0,0,0.029,ok
323,1.3156590801049615,0.8871948330691988,0.023518295640241882,0.35451717445988806,0.016090531516226577,23.12,0.0,0,0.023,ok
324,1.0628672030820665,0.7089773024290155,0.017809222252015096,0.9429417781852824,0.02056098108315716,14.93,0.0,0,0.026,ok
325,1.023604678718992,0.9203541481499123,0.012740824216021926,1.3689330621005498,0.011022418146097229,19.01,0.0,0,0.033,ok
326,1.3728329326803106,1.1369658226986208,0.015763594408094415,1.4776978343319052,0.019246646487481634,23.57,0.009,1,0.011,ok
327,1.1553410504955184,0.986315974716101,0.011154912815226419,1.3542869607976853,0.01682426702064049,22.86,0.0,0,0.034,ok
328,0.717992682978851,1.1330826544030654,0.017974207206583645,0.6381183688331675,0.013614955739633505,15.96,0.0,0,0.031,ok
329,1.0768578750232594,1.1688526843509903,0.022901749702990214,0.7520679458149676,0.012299496616999042,24.54,0.0,0,0.03,ok
330,0.9027743506038053,1.0752710387275737,0.023644320322695533,0.684708389521437,0.012940135662012058,18.96,0.0,0,0.03,ok
331,1.4721567235229487,0.9457303726305449,0.014843826500080686,1.2755423336222924,0.012290665561177833,28.1,0.0,0,0.031,ok
332,1.0309408934876005,0.7400328995915726,0.026170249599581474,0.5133882902733827,0.016247138967607884,15.09,0.0,0,0.029,ok
333,0.7882384046079165,0.8753819430951266,0.02436734887642163,0.9604534456329148,0.02844703790549966,13.31,0.0,0,-0.008,ok
334,1.3715107196340184,0.8132573003425918,0.01720312125841937,1.1226279495503177,0.012490328142528276,22.37,0.0,0,0.031,ok
335,1.4824983816656623,0.7747259500411042,0.011439233535557739,0.5085576333976201,0.017515956610057243,23.02,0.0,0,0.024,ok
336,0.9132083665154932,1.0986153928673696,0.023093524591255438,1.2932652208594606,0.025549521931765577,18.34,0.0,1,0.018,ok
337,0.8756186583530207,1.1241965500756237,0.02914479947695286,1.3417103313869878,0.028882986130173177,16.39,0.001,1,-0.009,ok
338,0.74674097378968,0.7205042154995833,0.017640624447967778,0.38716408266866453,0.01762423706960329,10.71,0.0,0,0.027,ok
339,0.8191630552011531,0.8845737637193509,0.026587781174173854,1.1956141837716763,0.012226570219375121,14.2,0.0,0,0.032,ok
340,0.8217314240053988,0.7888189776820623,0.023450622074378907,0.8137491516965137,0.025991990555969752,12.52,0.0,0,0.017,ok
341,1.0600213940050187,0.9002874306111908,0.014784329753256704,0.224360936770871,0.01843720605019999,18.68,0.0,0,0.028,ok
342,0.8395395314389777,0.9995406602046637,0.011380760815484173,1.0769377634743713,0.028772549826408818,16.34,0.0,1,-0.006,ok
343,1.1771676910183395,0.7331957721474001,0.02283295821207181,0.11769040577165946,0.025180475374454746,17.02,0.0,0,0.01,ok
344,0.7943608786545887,0.8977358105306172,0.01792694712319763,0.17596578261278834,0.020177167007028353,14.05,0.0,0,0.025,ok
345,1.1575116640692673,1.0043820689398462,0.021417126191187394,0.0789104107725955,0.020902935423056136,21.91,0.0,1,0.025,ok
346,0.7240877627397267,1.163138943118546,0.012833511181460304,0.5712529234130722,0.01396906886437816,16.73,0.0,0,0.031,ok
347,0.783606291233665,1.08653715379497,0.028813794857963614,1.0170592510110261,0.027386387742144157,15.96,0.0,0,0.0,ok
348,1.093206880411208,0.8197231044336794,0.022892967078927087,0.6678203056474711,0.028301019358557923,16.7,0.0,1,0.0,ok
349,0.9501831034335837,1.065107206332766,0.02063179870908957,0.37341921191883776,0.028272917774837304,16.72,0.002,1,-0.005,ok
350,1.1997752972606341,0.8701581580295291,0.021720253769589436,0.18684591812346413,0.027250716582764824,17.3,0.003,1,0.0,ok
351,1.0670742251251,1.21943076724006,0.02848105084257852,0.2590816112058722,0.018184967894753032,24.56,0.0,1,0.018,ok
352,1.1362685391236744,1.1293970383511405,0.022505952657788278,0.09613899596596924,0.024979435796056146,18.72,0.008,1,0.01,ok
353,0.9830859127453042,1.295212212316954,0.026995185808031976,1.3807156279652408,0.027536564325367552,17.13,0.01,1,0.0,ok
354,1.4206716156532113,1.0722706993545168,0.012648025343704638,0.6245416922960461,0.026783738233944938,17.58,0.025,1,0.0,ok
355,1.095964599851355,1.2943447003674864,0.0258409990754319,1.1828964149135763,0.019646229206806892,23.15,0.003,1,0.014,ok
356,0.9221284574318422,0.8622441139242367,0.014372093256309233,0.37145475851562254,0.026874638614812235,15.71,0.0,0,0.0,ok
357,1.4842526877571645,1.2924037584452828,0.027921930104958775,0.5376164120710983,0.017571045702656846,25.54,0.017,1,0.013,ok
358,1.0827759609517151,1.148430801440345,0.020985768350161006,1.2950021857878864,0.018869427728336136,23.93,0.0,1,0.023,ok
359,0.8323279692660601,1.0965173994335389,0.024060986303673718,0.7965925718013935,0.014586369242835134,17.64,0.0,0,0.029,ok
360,0.9918234633779357,0.7460517443564286,0.01582086696789573,0.5670887326381986,0.015002359486457551,14.84,0.0,0,0.03,ok
361,1.100507859004453,1.1715111153367137,0.01831702012398826,0.9159137981170674,0.027184704963621558,17.34,0.012,1,0.008,ok
362,1.198844211315365,0.8722708448418424,0.020395769560225395,0.7192125199767445,0.011196469503415253,20.98,0.0,0,0.032,ok
363,1.415926722742817,0.8382874939777785,0.0278920428726332,0.7039523367462756,0.014814450663203573,23.42,0.0,0,0.03,ok
364,1.4233152470269346,1.1398098249023045,0.028155911013551884,0.32955420880577013,0.011655974424782686,31.84,0.0,0,0.028,ok
365,0.826285039463222,1.0281811750737737,0.02678969951961017,1.204427113545711,0.022267246749943417,16.21,0.0,0,0.011,ok
366,1.011250687144489,0.8476453600137583,0.022002878094383164,0.583075435152066,0.02410175718733338,16.85,0.0,0,0.012,ok
367,1.0694476999386608,1.2171993182448893,0.02960358606488198,0.5146691965142353,0.015570128275173605,24.89,0.0,0,0.023,ok
368,1.1175485614595155,0.9309160205156872,0.014414137241234286,0.49387087877418234,0.01129764013001352,20.97,0.0,0,0.032,ok
369,1.306997377251684,0.742808513965403,0.011773620669613355,0.3040044500702542,0.012377133564012356,19.61,0.0,0,0.032,ok
370,0.8612309133994754,1.091313049776503,0.013260992033326091,0.6452073298716328,0.013323710252726752,18.77,0.0,0,0.031,ok
371,0.9048018742224723,0.8809312652012873,0.028659098088284585,0.2000737440484775,0.02049001088937793,15.35,0.0,0,0.025,ok
372,1.052668088413537,0.779207772972225,0.018334369432690473,1.3302723576290494,0.01766371696600994,16.35,0.0,0,0.028,ok
373,0.7258240471300774,1.1056804798498558,0.025698253296161475,0.3210672289860669,0.017922352191922862,15.28,0.0,0,0.026,ok
374,0.8643148766773846,0.9322722291490234,0.012938546398142544,1.3840433645795094,0.018033567941190924,16.06,0.0,0,0.028,ok
375,1.477922482648275,0.9156770433991326,0.015737807697185448,0.09191287976050586,0.02667269045976664,17.64,0.015,1,0.0,ok
376,1.2527911954890287,1.2884359956641005,0.013530483725139946,0.4132273949437849,0.011899325102793823,32.28,0.0,0,0.028,ok
377,0.8466709168048858,1.18344732884573,0.0263448289360189,1.088633489451128,0.012541041271133943,19.22,0.0,0,0.03,ok
378,1.4868354115415154,1.1634887906799731,0.01941494871721896,1.4999386475668726,0.0292279782646212,16.19,0.044,1,0.0,ok
379,0.8245167977422059,0.8432129525668206,0.01828554882045605,0.9111116543402912,0.02509591247041049,13.49,0.0,0,0.019,ok
380,0.753469236323266,0.9147739318531551,0.012525745899700827,1.287849348354154,0.02708895047926257,13.6,0.0,0,0.006,ok
381,0.7408884991551827,1.0534685781745217,0.028135271708590318,0.9843720184743845,0.021416064005579376,14.66,0.0,0,0.023,ok
382,0.7655823733321852,1.0201856749891636,0.01943965164082577,0.8053064685228798,0.014642298496026567,15.59,0.0,0,0.03,ok
383,1.3636755352758252,0.9596080165069154,0.02917445696075462,0.40496166225511815,0.014459780361563323,25.73,0.0,0,0.029,ok
384,1.124809498234141,1.273239673705429,0.02971586514942092,0.23745696774836683,0.01874347219607836,24.13,0.002,1,0.012,ok
385,0.8119264588010557,0.7991773450077219,0.02001696644478703,0.8242465303716618,0.024169311216498172,12.66,0.0,0,0.02,ok
386,0.7389695849576802,1.2032675150689909,0.012566487359436228,0.12014949282458659,0.02890895517880506,16.37,0.0,1,0.0,ok
387,0.8022355236861684,1.257429973067195,0.02982507057361547,0.25518785848745257,0.02790838303092942,16.92,0.001,1,-0.008,ok
388,0.7204422554865982,1.1770541267179209,0.017444270647875924,1.3718876657541512,0.023318672209378027,16.44,0.0,0,0.009,ok
389,1.0841189013300212,0.8569583820171367,0.023276676229208447,1.262148203218392,0.011724851426037136,18.51,0.0,0,0.032,ok
390,1.2216769139358705,1.281985537764381,0.012149005266722484,0.30528641543954743,0.016931575715684925,26.38,0.004,1,0.021,ok
391,1.452046863742086,0.9189396117931627,0.015329030066684353,0.5202356113263654,0.025834674526279255,18.17,0.013,1,0.008,ok
392,1.0286164212092987,0.8242992956681695,0.018160270004892197,0.32795461864065023,0.029401888738990488,16.08,0.0,1,-0.007,ok
393,1.4902799723082376,1.0675242630795474,0.017655738819940255,0.8722298408350628,0.016794626446089832,26.56,0.004,1,0.019,ok
394,0.8067004571633246,1.0708366496995292,0.012378141269966737,0.585429933195429,0.028739357319323144,16.44,0.0,1,0.0,ok
395,0.9956486726524767,0.8926432932566679,0.012408182400788054,0.5611709755972935,0.022619820737569192,17.68,0.0,0,0.013,ok
396,0.7162247021865297,0.8543461593723884,0.022063634557055404,1.1193990711658546,0.02575849089674642,11.78,0.0,0,0.017,ok
397,1.46811732721907,0.8004905271890226,0.01640766878955774,0.32263679340212426,0.026916277265084766,17.5,0.007,1,0.0,ok
398,1.4342585563348789,0.8023909657690662,0.026035090033985533,0.4296933910156368,0.024889938386520424,18.78,0.004,1,0.012,ok
399,1.3467939669125697,1.118457853119502,0.018701268218654803,0.5463474717381238,0.02325423726733406,19.95,0.015,1,0.013,ok
400,1.0650516288499097,0.9622643326094276,0.016169786943860717,0.5933126956898185,0.014111595843117868,20.39,0.0,0,0.031,ok
401,1.0873838512188372,0.992212881771003,0.02045661771921703,0.4178571986118599,0.029441873710465825,16.07,0.006,1,-0.006,ok
402,0.8055242039892327,0.8052560874821034,0.02900668807156214,0.4895208754541099,0.028236254556664214,12.36,0.0,0,0.0,ok
403,1.0447649977044977,1.088464436405077,0.025476782343603628,0.8834182802910481,0.01185979871589047,22.22,0.0,0,0.031,ok
404,1.070157864002016,0.9338695996350348,0.023083476460498825,0.9975799466811327,0.013794651201726226,19.72,0.0,0,0.03,ok
405,1.0433694848413304,0.7602276369336718,0.02154964216952067,0.808261720579151,0.027507446407487195,15.58,0.0,0,0.007,ok
406,1.4199650697733666,0.9477818399477845,0.02162689641214284,1.4523782876297187,0.027336189078857178,17.25,0.016,1,0.0,ok
407,0.9931474870949621,1.0300691148990297,0.011987153784816074,0.3527560189878471,0.029058973925443043,16.29,0.004,1,-0.01,ok
408,1.0387443078581602,0.8886549332981641,0.02438997050807088,1.0188054283664139,0.029088721817168556,16.27,0.001,1,-0.009,ok
409,1.275932246217602,0.7186660746867676,0.011511214464072028,0.5425744446236979,0.02466722113844376,18.23,0.0,0,0.019,ok
410,1.1016197640835896,0.929180523452389,0.013224804698602072,1.4221563015970173,0.017751691752016664,20.18,0.0,0,0.021,ok
411,1.4320323223955918,1.0996263451050545,0.018733954680213924,0.21782032819477515,0.013126034583316676,31.35,0.0,0,0.026,ok
412,1.458487333484096,0.8076810287040699,0.017364845571550547,0.708036964878339,0.029603901105419075,15.98,0.011,1,0.0,ok
413,1.3673118311691999,1.2429971044076429,0.020539096864231512,1.3136493766520116,0.023102827280891247,20.06,0.025,1,0.006,ok
414,1.3962247507331051,0.8554620971745355,0.02383337947980433,0.3810191214460881,0.022993184200182842,20.15,0.003,1,0.016,ok
415,0.9903508427343035,1.1464281675203019,0.02505291363479928,0.7306259381535114,0.021486819355197345,21.37,0.0,1,0.022,ok
416,0.7985730596641438,1.0909597798832982,0.0199801586724545,0.722274167769579,0.015838357115408576,16.97,0.0,0,0.029,ok
417,0.8675784393148971,0.9491737385990546,0.016724743295222236,1.1876214199245256,0.023408272648000744,16.23,0.0,0,0.011,ok
418,1.3906219217618356,0.7553768527371526,0.016640265876225635,0.8178798906182938,0.02696379653143054,17.47,0.003,1,0.0,ok
419,0.8274517595263462,0.7935532247469552,0.01785920519148897,0.9196405796421214,0.012624938275138801,13.15,0.0,0,0.032,ok
420,0.7916046226037001,1.2482430978239485,0.019823336119474545,1.2275829688644202,0.0239729517801845,18.93,0.0,1,0.006,ok
421,1.4220634252927635,0.9223436960681111,0.021298273297623724,0.2868095390396153,0.012817811451052777,26.26,0.0,0,0.031,ok
422,1.308769332424137,1.149360100228202,0.013197239325444745,0.526721982684917,0.02319746326012788,19.99,0.016,1,0.015,ok
423,0.8617157305560732,1.0776825108666146,0.013126496712081171,0.9225860766197229,0.020452870539965376,18.41,0.0,0,0.015,ok
424,0.9891617501302303,1.2087606280006027,0.015245384517136636,0.17994046896416893,0.027135612404757488,17.37,0.008,1,0.0,ok
425,0.9457837316202304,1.1123931907112765,0.022463538892425833,1.4156397792945505,0.027605042212009205,17.1,0.003,1,0.006,ok
426,0.7764766171197496,0.7494920206871,0.029088349228909058,1.4306072740923337,0.021810839664489566,11.26,0.0,0,0.021,ok
427,1.4095490818307552,0.754822502117157,0.027500590301331767,0.9612822056049952,0.020999917650411867,20.99,0.0,0,0.018,ok
428,0.9001671926764849,1.0294787809021297,0.023928858728411925,0.21876144368649197,0.023528278534345085,17.91,0.0,0,0.01,ok
429,1.2985132124095902,0.7874867901968324,0.023198217771191795,0.8017667369173394,0.028210455705597673,16.76,0.003,1,0.004,ok
430,1.001350032563032,1.214758984706886,0.02643673289592112,0.29998225352718877,0.016031108410382522,23.41,0.0,0,0.018,ok
431,1.1946290233729335,0.7646825400637421,0.02018551489400245,1.1855988851873813,0.02289238659779253,18.1,0.0,0,0.014,ok
432,1.0720828542598861,1.2516817438526648,0.01653307606954013,0.1966672023672223,0.023620582354127465,19.67,0.008,1,0.014,ok
433,1.1859674544471557,0.9053275082455404,0.01702581310333711,0.28974935760998743,0.025496904542125262,18.38,0.002,1,0.019,ok
434,0.7585316107418194,1.0248911532243339,0.020518898185657747,0.7397597749740714,0.013380626662165126,15.25,0.0,0,0.031,ok
435,1.0254947356490014,1.2071039101067322,0.02765069133028007,0.8757555068915481,0.011381148680004421,23.88,0.0,0,0.03,ok
436,1.2555444447666377,1.133238888368803,0.025370150810916446,0.2960878986150302,0.02359599451655587,19.69,0.011,1,0.015,ok
437,0.7621280343660867,1.1070181271768473,0.025265801838331034,0.556735996988365,0.012180675239063727,16.27,0.0,0,0.031,ok
438,1.0870157023146971,0.8853233651158344,0.015988600458922662,0.36012933924173596,0.017817281470738165,19.11,0.0,0,0.029,ok
439,1.2890945580552589,1.2987189672226984,0.02127853476709795,0.19425018418336865,0.019486808870841595,23.32,0.013,1,0.012,ok
440,1.1142101162126739,1.2484755382831954,0.02194800031389484,1.4356606741823603,0.020107715896394124,22.68,0.004,1,0.016,ok
441,0.886259784040555,0.7051383251960388,0.023979179071423908,0.15684675516631316,0.02657604224323549,12.14,0.0,0,0.016,ok
442,1.053600375460937,1.269453577454268,0.027952843793532356,0.47200110958657554,0.02559495040973525,18.32,0.01,1,0.0,ok
443,0.9782595849875655,1.2398631769703985,0.01723467397686648,0.4532522701693701,0.02170404073699632,21.2,0.002,1,0.015,ok
444,0.8738317361808098,1.1110570597181983,0.01824218585615744,1.3254488688737174,0.016171861735410305,19.1,0.0,0,0.029,ok
445,0.779594707838871,1.0855536731086268,0.01392344808424607,0.9314876211385675,0.029899158242042076,15.82,0.0,1,-0.017,ok
446,0.7378575746278827,1.000413448728736,0.029578427194317584,0.209645430998244,0.02058555645025806,13.95,0.0,0,0.023,ok
447,1.3001979724271588,1.2590362353351465,0.01300183388318207,0.40853180192380156,0.02154358743936358,21.34,0.018,1,0.013,ok
448,1.2915250104231881,0.7599272431093727,0.017749982621531976,0.8467618069875809,0.022423334990924398,19.5,0.0,0,0.023,ok
449,1.160484864731808,1.2240857243505223,0.022034175811063574,1.0754743538797236,0.014748875431059558,27.79,0.0,0,0.027,ok
450,1.0815457509876443,1.0446737673509874,0.021929603017658776,0.25129619347158805,0.014003284300236007,22.14,0.0,0,0.03,ok
451,0.7967648318174111,0.8213082429081789,0.013363840440278255,0.36592971582321454,0.028691694242884168,12.92,0.0,0,0.0,ok
452,0.8556826905474102,1.0396159457050622,0.021014581700935862,0.7834309221830326,0.02025064365136091,16.81,0.0,0,0.025,ok
453,0.7141974979326016,0.7734981765276647,0.026560708274096453,0.4249020490317059,0.024760964250578617,10.64,0.0,0,0.017,ok
454,1.3181936831725396,0.7712650728048962,0.014125326328773294,1.3322568804957873,0.011308975956121473,20.54,0.0,0,0.032,ok
455,1.4663417116869073,1.0365325716438427,0.018971781766227692,1.4105049969167327,0.011051360887962271,30.1,0.0,0,0.031,ok
456,0.952127644033548,1.1149742749262543,0.013153117102215046,0.7410590446858334,0.024064234337281956,19.35,0.001,1,0.018,ok
457,0.8294502672874586,0.8945343654901269,0.014808960006715955,0.6584205947010915,0.01691689216134966,14.76,0.0,0,0.029,ok
458,0.7336446877165905,1.031550178615889,0.011888800163839874,0.14770787739227,0.02903863324452167,14.86,0.0,0,0.0,ok
459,0.8087367622100956,1.2667258217597177,0.018598359341447837,0.4356859137204459,0.02172627918666128,19.77,0.0,0,0.018,ok
460,1.0776818019885614,1.224692196342727,0.016036077672756274,1.1099904687762734,0.023827426815939336,19.52,0.008,1,0.017,ok
461,1.2930805701326236,0.724573942942977,0.012769616263628637,0.40206531314788174,0.011079871436940957,18.97,0.0,0,0.033,ok
462,1.0728079849322818,0.9279055080521406,0.01717938202803887,1.1166759520322764,0.01376061942199083,19.83,0.0,0,0.031,ok
463,1.2083400431703226,0.9721905554420478,0.01526496510996999,0.6314607626457953,0.019895068667875743,22.88,0.0,1,0.028,ok
464,0.9351478520908048,0.8451196263842415,0.017406675603848648,0.8820671957708284,0.022770016275336237,15.47,0.0,0,0.026,ok
465,1.3752223524110774,1.2061492484710186,0.024938471525826338,0.08893644206049245,0.015123076064949859,29.2,0.002,1,0.034,ok
466,0.8030712987244755,1.2839479176661497,0.029436583030323992,1.3516981164008168,0.021965721079458024,19.09,0.0,0,0.017,ok
467,1.4572963810424895,1.1585581162716605,0.02690795627895844,1.272153537762628,0.019319372682089723,23.5,0.013,1,0.013,ok
468,0.704527489459021,1.0851170342050407,0.027616340526104056,1.3077646260907057,0.02134649767897271,14.31,0.0,0,0.022,ok
469,1.1798937627535309,1.18736494263951,0.02236824985247178,1.3605421066451542,0.021639097252754626,21.25,0.007,1,0.018,ok
470,0.9127099378992287,0.9833756437922239,0.021593081267416027,0.8401100073782114,0.017405802720279157,17.61,0.0,0,0.028,ok
471,1.393127159158034,1.2862133220382352,0.02564897488805487,1.2564316333754502,0.012894295076843528,34.17,0.0,1,0.023,ok
472,1.3114708736980065,1.0515379003052754,0.023673849346756228,0.26492962901059425,0.011962721869307042,27.09,0.0,0,0.03,ok
473,1.2973036566090141,1.1160840192612922,0.029034094157928264,0.9450369149158528,0.015464185158013996,28.09,0.0,1,0.026,ok
474,0.8128604353117701,0.8604077219777476,0.019652391736729894,0.6553725266142002,0.025160128204618375,13.5,0.0,0,0.019,ok
475,0.7861600936353055,1.1273534748375957,0.02636711946311033,1.3633120193657777,0.02104363334530006,16.55,0.0,0,0.018,ok
476,1.3994437336512033,1.0129149571935372,0.01806227717741518,1.328875009954312,0.012138204487123452,28.5,0.0,0,0.031,ok
477,0.7947803978427144,1.27841537640155,0.0293902945477459,1.3992305942186682,0.022207269237698044,18.81,0.0,0,0.018,ok
478,1.350252587480154,1.2222927096610863,0.012354350232903825,0.899668289308779,0.026519382804619233,17.74,0.032,1,0.004,ok
479,1.165614008594976,0.7236908590925938,0.020758799331466883,0.20334061491101485,0.023708900286443797,16.73,0.0,0,0.014,ok
480,0.8782456878410235,1.2438492749953955,0.01811538321560242,0.43021162966509424,0.02985538063746299,15.85,0.007,1,-0.011,ok
481,0.7284043726670728,0.7305329471141491,0.017714698345554444,1.0002436223993008,0.01970458611396926,10.54,0.0,0,0.024,ok
482,1.0365089665518927,0.7504304915040987,0.015050157323604686,0.9329414310372733,0.029297489614043173,15.34,0.0,0,-0.008,ok
483,1.3270283407079622,0.801715957606568,0.011359949818297028,0.5196046145151143,0.01636060444668626,21.23,0.0,0,0.03,ok
484,1.4134018501088907,1.1557624231042998,0.01469491779349033,1.180718889828811,0.022821789432214613,20.28,0.021,1,0.011,ok
485,1.3452388784468439,0.7275176549714694,0.028263709811671145,0.5962682772277033,0.02670322072155588,17.63,0.001,1,0.01,ok
486,1.0122748834360171,0.9259379793241922,0.0175137253007797,0.2752648563761128,0.02769350360085046,17.04,0.001,1,0.0,ok
487,0.7896688454645907,1.0664949738633653,0.0247687548949995,0.7737323286776207,0.029363267409229763,15.91,0.0,1,-0.01,ok
488,0.8904037321722581,1.0238075328111187,0.016084308599378858,1.0837356304998733,0.028993707734904055,16.32,0.001,1,-0.005,ok
489,1.1822854883447893,0.8595411111427309,0.019116637494659444,0.6660093630400099,0.02895176272865041,16.35,0.004,1,0.0,ok
490,1.1389482656611707,1.1839357407651967,0.021349621206273046,0.8597082948493707,0.024314259095881984,19.18,0.009,1,0.009,ok
491,1.4751399877399405,1.2344725642853347,0.015860154652063373,1.345507846031896,0.026027958808334993,18.04,0.042,1,0.0,ok
492,1.0570032204553572,0.8791851381324545,0.024258564493018067,1.4866824026437113,0.017983573956469788,18.26,0.0,0,0.028,ok
493,0.847625573504338,0.7626070709769894,0.01204144866164158,0.7993850484317202,0.025921133525157986,12.7,0.0,0,0.019,ok
494,1.2016859999661418,1.1345630699754217,0.024804513827423248,0.553092714386882,0.02443800716932256,19.09,0.01,1,0.005,ok
495,0.8439193924187383,1.1678283911184084,0.028054665042797505,1.0987171877245498,0.0270381225414111,17.42,0.0,1,0.005,ok
496,1.295991754568226,0.7081181918040889,0.015365981494776462,1.0466189139786513,0.027271002235849058,17.28,0.0,1,0.009,ok
497,1.1905866515305432,0.8514729930327731,0.013705497210907178,0.24687861976787379,0.02834287092940018,16.68,0.003,1,0.0,ok
498,1.1448654462986063,0.7295174343101157,0.013354064124617884,0.23292242219825215,0.018072420681300244,16.71,0.0,0,0.028,ok
499,1.2799645736844656,0.9885372962555872,0.012283953838094507,0.8335235928089205,0.0165290531985411,25.34,0.0,0,0.019,ok
